drug_id,smiles
Lenalidomide,C1CC(=O)NC(=O)C1N2CC3=C(C2=O)C=CC=C3N
Cladribine,C1C(C(OC1N2C=NC3=C(N=C(N=C32)Cl)N)CO)O
Pentostatin,C1C(C(OC1N2C=NC3=C2NC=NCC3O)CO)O
Everolimus,CC1CCC2CC(C(=CC=CC=CC(CC(C(=O)C(C(C(=CC(C(=O)CC(OC(=O)C3CCCCN3C(=O)C(=O)C1(O2)O)C(C)CC4CCC(C(C4)OC)OCCO)C)C)O)OC)C)C)C)OC
Aminoglutethimide,CCC1(CCC(=O)NC1=O)C2=CC=C(C=C2)N
Letrozole,C1=CC(=CC=C1C#N)C(C2=CC=C(C=C2)C#N)N3C=NC=N3
Pemetrexed disodium,C1=CC(=CC=C1CCC2=CNC3=C2C(=O)NC(=N3)N)C(=O)NC(CCC(=O)[O-])C(=O)[O-].[Na+].[Na+]
Plinabulin,CC(C)(C)C1=C(N=CN1)C=C2C(=O)NC(=CC3=CC=CC=C3)C(=O)N2
Topotecan,CCC1(C2=C(COC1=O)C(=O)N3CC4=CC5=C(C=CC(=C5CN(C)C)O)N=C4C3=C2)O.Cl
5-Azacitidine,C1=NC(=NC(=O)N1C2C(C(C(O2)CO)O)O)N
Actinomycin D,CC1C(C(=O)NC(C(=O)N2CCCC2C(=O)N(CC(=O)N(C(C(=O)O1)C(C)C)C)C)C(C)C)NC(=O)C3=C4C(=C(C=C3)C)OC5=C(C(=O)C(=C(C5=N4)C(=O)NC6C(OC(=O)C(N(C(=O)CN(C(=O)C7CCCN7C(=O)C(NC6=O)C(C)C)C)C)C(C)C)C)N)C
Itraconazole,CCC(C)N1C(=O)N(C=N1)C2=CC=C(C=C2)N3CCN(CC3)C4=CC=C(C=C4)OCC5COC(O5)(CN6C=NC=N6)C7=C(C=C(C=C7)Cl)Cl
Hydroxychloroquine sulfate,CCN(CCCC(C)NC1=C2C=CC(=CC2=NC=C1)Cl)CCO.OS(=O)(=O)O
Acadesine,C1=NC(=C(N1C2C(C(C(O2)CO)O)O)N)C(=O)N
DCC-2036,CC(C)(C)C1=NN(C(=C1)NC(=O)NC2=C(C=C(C=C2)OC3=CC(=NC=C3)C(=O)NC)F)C4=CC5=C(C=C4)N=CC=C5
Dasatinib,CC1=C(C(=CC=C1)Cl)NC(=O)C2=CN=C(S2)NC3=CC(=NC(=N3)C)N4CCN(CC4)CCO
Bosutinib,CN1CCN(CC1)CCCOC2=C(C=C3C(=C2)N=CC(=C3NC4=CC(=C(C=C4Cl)Cl)OC)C#N)OC
Saracatinib,CN1CCN(CC1)CCOC2=CC3=C(C(=C2)OC4CCOCC4)C(=NC=N3)NC5=C(C=CC6=C5OCO6)Cl
Vandetanib,CN1CCC(CC1)COC2=C(C=C3C(=C2)N=CN=C3NC4=C(C=C(C=C4)Br)F)OC
Gefitinib,COC1=C(C=C2C(=C1)N=CN=C2NC3=CC(=C(C=C3)F)Cl)OCCCN4CCOCC4
Neratinib,CCOC1=C(C=C2C(=C1)N=CC(=C2NC3=CC(=C(C=C3)OCC4=CC=CC=N4)Cl)C#N)NC(=O)C=CCN(C)C
Dacomitinib,COC1=C(C=C2C(=C1)N=CN=C2NC3=CC(=C(C=C3)F)Cl)NC(=O)C=CCN4CCCCC4
AEE-788,CCN1CCN(CC1)CC2=CC=C(C=C2)C3=CC4=C(N3)N=CN=C4NC(C)C5=CC=CC=C5
CUDC-101,COC1=C(C=C2C(=C1)N=CN=C2NC3=CC=CC(=C3)C#C)OCCCCCCC(=O)NO
Pelitinib,CCOC1=C(C=C2C(=C1)N=CC(=C2NC3=CC(=C(C=C3)F)Cl)C#N)NC(=O)C=CCN(C)C
Linifanib,CC1=CC(=C(C=C1)F)NC(=O)NC2=CC=C(C=C2)C3=C4C(=CC=C3)NN=C4N
Axitinib,CNC(=O)C1=CC=CC=C1SC2=CC3=C(C=C2)C(=NN3)C=CC4=CC=CC=N4
Vatalanib,C1=CC=C2C(=C1)C(=NN=C2NC3=CC=C(C=C3)Cl)CC4=CC=NC=C4
Motesanib,CC1(CNC2=C1C=CC(=C2)NC(=O)C3=C(N=CC=C3)NCC4=CC=NC=C4)C
Tivozanib,CC1=CC(=NO1)NC(=O)NC2=C(C=C(C=C2)OC3=C4C=C(C(=CC4=NC=C3)OC)OC)Cl
Brivanib,CC1=CC2=C(N1)C=CC(=C2F)OC3=NC=NN4C3=C(C(=C4)OCC(C)O)C
Telatinib,CNC(=O)C1=NC=CC(=C1)COC2=NN=C(C3=C2OC=C3)NC4=CC=C(C=C4)Cl
Cediranib,CC1=CC2=C(N1)C=CC(=C2F)OC3=NC=NC4=CC(=C(C=C43)OC)OCCCN5CCCC5
BMS-794833,C1=CC(=CC=C1C2=CNC=C(C2=O)C(=O)NC3=CC(=C(C=C3)OC4=C(C(=NC=C4)N)Cl)F)F
OSI-632,C1CCN(C1)CCCCNC(=O)NC2=C(C(=NS2)OCC3=C(C=C(C=C3F)Br)F)C(=O)N
Foretinib,COC1=CC2=C(C=CN=C2C=C1OCCCN3CCOCC3)OC4=C(C=C(C=C4)NC(=O)C5(CC5)C(=O)NC6=CC=C(C=C6)F)F
Regorafenib,CNC(=O)C1=NC=CC(=C1)OC2=CC(=C(C=C2)NC(=O)NC3=CC(=C(C=C3)Cl)C(F)(F)F)F
Dovitinib,CN1CCN(CC1)C2=CC3=C(C=C2)N=C(N3)C4=C(C5=C(C=CC=C5F)NC4=O)N
Masitinib,CC1=C(C=C(C=C1)NC(=O)C2=CC=C(C=C2)CN3CCN(CC3)C)NC4=NC(=CS4)C5=CN=CC=C5
SG-00529,CC(C1=CC2=C(C=C1)C3=CC(=C(C=C3OC2=O)OCC4=CC=C(C=C4)OC)OC)O
Amuvatinib,C1CN(CCN1C2=NC=NC3=C2OC4=CC=CC=C43)C(=S)NCC5=CC6=C(C=C5)OCO6
OSI-930,C1=CC=C2C(=C1)C(=CC=N2)CNC3=C(SC=C3)C(=O)NC4=CC=C(C=C4)OC(F)(F)F
Crizotinib,CC(C1=C(C=CC(=C1Cl)F)Cl)OC2=C(N=CC(=C2)C3=CN(N=C3)C4CCNCC4)N
BMS-777607,CCOC1=C(C(=O)N(C=C1)C2=CC=C(C=C2)F)C(=O)NC3=CC(=C(C=C3)OC4=C(C(=NC=C4)N)Cl)F
PF-04217903,C1=CC2=C(C=CC(=C2)CN3C4=NC(=CN=C4N=N3)C5=CN(N=C5)CCO)N=C1
JNJ-38877605,CN1C=C(C=N1)C2=NN3C(=NN=C3C(C4=CC5=C(C=C4)N=CC=C5)(F)F)C=C2
SGX-523,CN1C=C(C=N1)C2=NN3C(=NN=C3SC4=CC5=C(C=C4)N=CC=C5)C=C2
Linsitinib,CC1(CC(C1)C2=NC(=C3N2C=CN=C3N)C4=CC5=C(C=C4)C=CC(=N5)C6=CC=CC=C6)O
LY2157299,CC1=NC(=CC=C1)C2=NN3CCCC3=C2C4=C5C=C(C=CC5=NC=C4)C(=O)N
Tandutinib,CC(C)OC1=CC=C(C=C1)NC(=O)N2CCN(CC2)C3=NC=NC4=CC(=C(C=C43)OC)OCCCN5CCCCC5
Quizartinib,CC(C)(C)C1=CC(=NO1)NC(=O)NC2=CC=C(C=C2)C3=CN4C5=C(C=C(C=C5)OCCN6CCOCC6)SC4=N3
R-406,CC1(C(=O)NC2=C(O1)C=CC(=N2)NC3=NC(=NC=C3F)NC4=CC(=C(C(=C4)OC)OC)OC)C
Pictilisib,CS(=O)(=O)N1CCN(CC1)CC2=CC3=C(S2)C(=NC(=N3)C4=C5C=NNC5=CC=C4)N6CCOCC6
GSK-2126458,COC1=C(C=C(C=N1)C2=CC3=C(C=CN=C3C=C2)C4=CN=NC=C4)NS(=O)(=O)C5=C(C=C(C=C5)F)F
BKM-120,C1COCCN1C2=NC(=NC(=C2)C3=CN=C(C=C3C(F)(F)F)N)N4CCOCC4
Idelalisib,CCC(C1=NC2=C(C(=CC=C2)F)C(=O)N1C3=CC=CC=C3)NC4=NC=NC5=C4NC=N5
AZD-6482,CC1=CN2C(=O)C=C(N=C2C(=C1)C(C)NC3=CC=CC=C3C(=O)O)N4CCOCC4
MK-2206,C1CC(C1)(C2=CC=C(C=C2)C3=C(C=C4C(=N3)C=CN5C4=NNC5=O)C6=CC=CC=C6)N
GSK-690693,CCN1C2=C(C(=NC=C2OCC3CCCNC3)C#CC(C)(C)O)N=C1C4=NON=C4N
BEZ-235,CC(C)(C#N)C1=CC=C(C=C1)N2C3=C4C=C(C=CC4=NC=C3N(C2=O)C)C5=CC6=CC=CC=C6N=C5
PF-05212384,CN(C)C1CCN(CC1)C(=O)C2=CC=C(C=C2)NC(=O)NC3=CC=C(C=C3)C4=NC(=NC(=N4)N5CCOCC5)N6CCOCC6
GDC-0980,CC1=C(SC2=C1N=C(N=C2N3CCOCC3)C4=CN=C(N=C4)N)CN5CCN(CC5)C(=O)C(C)O
AZD-8055,CC1COCCN1C2=NC(=NC3=C2C=CC(=N3)C4=CC(=C(C=C4)OC)CO)N5CCOCC5C
Salirasib,CC(=CCCC(=CCCC(=CCSC1=CC=CC=C1C(=O)O)C)C)C
VX-702,C1=CC(=C(C(=C1)F)N(C2=NC(=C(C=C2)C(=O)N)C3=C(C=C(C=C3)F)F)C(=O)N)F
VX-745,C1=CC(=C(C(=C1)Cl)C2=C3C=CC(=NN3C=NC2=O)SC4=C(C=C(C=C4)F)F)Cl
Doramapimod,CC1=CC=C(C=C1)N2C(=CC(=N2)C(C)(C)C)NC(=O)NC3=CC=C(C4=CC=CC=C43)OCCN5CCOCC5
PH-797804,CC1=C(C=C(C=C1)C(=O)NC)N2C(=CC(=C(C2=O)Br)OCC3=C(C=C(C=C3)F)F)C
RWJ-67657,C1=CC=C(C=C1)CCCN2C(=NC(=C2C3=CC=NC=C3)C4=CC=C(C=C4)F)C#CCCO
Talmapimod,CC1CN(C(CN1C(=O)C2=C(C=C3C(=C2)C(=CN3C)C(=O)C(=O)N(C)C)Cl)C)CC4=CC=C(C=C4)F
Bardoxolone methyl,CC1(CCC2(CCC3(C(C2C1)C(=O)C=C4C3(CCC5C4(C=C(C(=O)C5(C)C)C#N)C)C)C)C(=O)OC)C
IMD-0354,C1=CC(=C(C=C1Cl)C(=O)NC2=CC(=CC(=C2)C(F)(F)F)C(F)(F)F)O
cycloheximide,CC1CC(C(=O)C(C1)C(CC2CC(=O)NC(=O)C2)O)C
SPC-839,CC1=CC(=O)N(C1=O)NC2=NC(=NC3=C2C(=CC=C3)OC)C4=CC=CS4
Sulfasalazine,C1=CC=NC(=C1)NS(=O)(=O)C2=CC=C(C=C2)N=NC3=CC(=C(C=C3)O)C(=O)O
Navitoclax (ABT-263),CC1(CCC(=C(C1)CN2CCN(CC2)C3=CC=C(C=C3)C(=O)NS(=O)(=O)C4=CC(=C(C=C4)NC(CCN5CCOCC5)CSC6=CC=CC=C6)S(=O)(=O)C(F)(F)F)C7=CC=C(C=C7)Cl)C
AZD-7762,C1CC(CNC1)NC(=O)C2=C(C=C(S2)C3=CC(=CC=C3)F)NC(=O)N
Flavopiridol,CN1CCC(C(C1)O)C2=C(C=C(C3=C2OC(=CC3=O)C4=CC=CC=C4Cl)O)O
Seliciclib,CCC(CO)NC1=NC(=C2C(=N1)N(C=N2)C(C)C)NCC3=CC=CC=C3
AT-7519,C1CNCCC1NC(=O)C2=C(C=NN2)NC(=O)C3=C(C=CC=C3Cl)Cl
SNS-032,CC(C)(C)C1=CN=C(O1)CSC2=CN=C(S2)NC(=O)C3CCNCC3
PHA-793887,CC(C)CC(=O)NC1=NNC2=C1CN(C2(C)C)C(=O)C3CCN(CC3)C
Palbociclib,CC1=C(C(=O)N(C2=NC(=NC=C12)NC3=NC=C(C=C3)N4CCNCC4)C5CCCC5)C(=O)C
Tozasertib,CC1=CC(=NN1)NC2=CC(=NC(=N2)SC3=CC=C(C=C3)NC(=O)C4CC4)N5CCN(CC5)C
Alisertib,COC1=C(C(=CC=C1)F)C2=NCC3=CN=C(N=C3C4=C2C=C(C=C4)Cl)NC5=CC(=C(C=C5)C(=O)O)OC
Danusertib,CN1CCN(CC1)C2=CC=C(C=C2)C(=O)NC3=NNC4=C3CN(C4)C(=O)C(C5=CC=CC=C5)OC
CYC-116,CC1=C(SC(=N1)N)C2=NC(=NC=C2)NC3=CC=C(C=C3)N4CCOCC4
Barasertib,CCN(CCCOC1=CC2=C(C=C1)C(=NC=N2)NC3=NNC(=C3)CC(=O)NC4=CC(=CC=C4)F)CCOP(=O)(O)O
AMG-900,CC1=CSC(=C1)C2=NN=C(C3=CC=CC=C32)NC4=CC=C(C=C4)OC5=C(C=CC=N5)C6=NC(=NC=C6)N
ENMD-981693,CC1=CC(=NN1)NC2=CC(=NC(=N2)C=CC3=CC=CC=C3)N4CCN(CC4)C
CHIR-265,CN1C2=C(C=C(C=C2)OC3=CC(=NC=C3)C4=NC=C(N4)C(F)(F)F)N=C1NC5=CC=C(C=C5)C(F)(F)F
Vemurafenib,CCCS(=O)(=O)NC1=C(C(=C(C=C1)F)C(=O)C2=CNC3=C2C=C(C=N3)C4=CC=C(C=C4)Cl)F
Refametinib,COC1=CC(=C(C(=C1NS(=O)(=O)C2(CC2)CC(CO)O)NC3=C(C=C(C=C3)I)F)F)F
Selumetinib,CN1C=NC2=C1C=C(C(=C2F)NC3=C(C=C(C=C3)Br)Cl)C(=O)NOCCO
PD-0325901,C1=CC(=C(C=C1I)F)NC2=C(C=CC(=C2F)F)C(=O)NOCC(CO)O
Trametinib,CC1=C2C(=C(N(C1=O)C)NC3=C(C=C(C=C3)I)F)C(=O)N(C(=O)N2C4=CC=CC(=C4)NC(=O)C)C5CC5
TAK-733,CN1C2=C(C(=C(C1=O)F)NC3=C(C=C(C=C3)I)F)C(=O)N(C=N2)CC(CO)O
Ibrutinib (PCI-32765),C=CC(=O)N1CCCC(C1)N2C3=NC=NC(=C3C(=N2)C4=CC=C(C=C4)OC5=CC=CC=C5)N
Midostaurin,CC12C(C(CC(O1)N3C4=CC=CC=C4C5=C6C(=C7C8=CC=CC=C8N2C7=C53)CNC6=O)N(C)C(=O)C9=CC=CC=C9)OC
Enzastaurin,CN1C=C(C2=CC=CC=C21)C3=C(C(=O)NC3=O)C4=CN(C5=CC=CC=C54)C6CCN(CC6)CC7=CC=CC=N7
Sotrastaurin,CN1CCN(CC1)C2=NC3=CC=CC=C3C(=N2)C4=C(C(=O)NC4=O)C5=CNC6=CC=CC=C65
BI-2536,CCC1C(=O)N(C2=CN=C(N=C2N1C3CCCC3)NC4=C(C=C(C=C4)C(=O)NC5CCN(CC5)C)OC)C
GSK-461364A,CC(C1=CC=CC=C1C(F)(F)F)OC2=C(SC(=C2)N3C=NC4=C3C=C(C=C4)CN5CCN(CC5)C)C(=O)N
AZD-1480,CC1=CC(=NN1)NC2=NC(=NC=C2Cl)NC(C)C3=NC=C(C=N3)F
Momelotinib,C1COCCN1C2=CC=C(C=C2)NC3=NC=CC(=N3)C4=CC=C(C=C4)C(=O)NCC#N
Lestaurtinib,CC12C(CC(O1)N3C4=CC=CC=C4C5=C6C(=C7C8=CC=CC=C8N2C7=C53)CNC6=O)(CO)O
Leflunomide,CC1=C(C=NO1)C(=O)NC2=CC=C(C=C2)C(F)(F)F
Silmitasertib,C1=CC(=CC(=C1)Cl)NC2=NC3=C(C=CC(=C3)C(=O)O)C4=C2C=CN=C4
Taladegib,CN1C(=CC=N1)C2=NN=C(C3=CC=CC=C32)N4CCC(CC4)N(C)C(=O)C5=C(C=C(C=C5)F)C(F)(F)F
Vismodegib,CS(=O)(=O)C1=CC(=C(C=C1)C(=O)NC2=CC(=C(C=C2)Cl)C3=CC=CC=N3)Cl
RO-4929097,CC(C)(C(=O)NCC(C(F)(F)F)(F)F)C(=O)NC1C2=CC=CC=C2C3=CC=CC=C3NC1=O
Apilimod,CC1=CC(=CC=C1)C=NNC2=CC(=NC(=N2)OCCC3=CC=CC=N3)N4CCOCC4
SGI-1776,CN1CCC(CC1)CNC2=NN3C(=NC=C3C4=CC(=CC=C4)OC(F)(F)F)C=C2
MK-1775,CC(C)(C1=NC(=CC=C1)N2C3=NC(=NC=C3C(=O)N2CC=C)NC4=CC=C(C=C4)N5CCN(CC5)C)O
TG-101348,CC1=CN=C(N=C1NC2=CC(=CC=C2)S(=O)(=O)NC(C)(C)C)NC3=CC=C(C=C3)OCCN4CCCC4
CNF-2024,CC1=CN=C(C(=C1OC)C)CN2C=NC3=C2N=C(N=C3Cl)N
Vorinostat (SAHA),C1=CC=C(C=C1)NC(=O)CCCCCCC(=O)NO
Belinostat,C1=CC=C(C=C1)NS(=O)(=O)C2=CC=CC(=C2)C=CC(=O)NO
Mocetinostat,C1=CC=C(C(=C1)N)NC(=O)C2=CC=C(C=C2)CNC3=NC=CC(=N3)C4=CN=CC=C4
Romidepsin,CC=C1C(=O)NC(C(=O)OC2CC(=O)NC(C(=O)NC(CSSCCC=C2)C(=O)N1)C(C)C)C(C)C
Entinostat,C1=CC=C(C(=C1)N)NC(=O)C2=CC=C(C=C2)CNC(=O)OCC3=CN=CC=C3
Veliparib,CC1(CCCN1)C2=NC3=C(C=CC=C3N2)C(=O)N
Olaparib,C1CC1C(=O)N2CCN(CC2)C(=O)C3=C(C=CC(=C3)CC4=NNC(=O)C5=CC=CC=C54)F
Rucaparib,CNCC1=CC=C(C=C1)C2=C3CCNC(=O)C4=C3C(=CC(=C4)F)N2
Ixazomib,B(C(CC(C)C)NC(=O)CNC(=O)C1=C(C=CC(=C1)Cl)Cl)(O)O
Carfilzomib,CC(C)CC(C(=O)C1(CO1)C)NC(=O)C(CC2=CC=CC=C2)NC(=O)C(CC(C)C)NC(=O)C(CCC3=CC=CC=C3)NC(=O)CN4CCOCC4
Bortezomib,B(C(CC(C)C)NC(=O)C(CC1=CC=CC=C1)NC(=O)C2=NC=CN=C2)(O)O
Tosedostat,CC(C)CC(C(C(=O)NO)O)C(=O)NC(C1=CC=CC=C1)C(=O)OC2CCCC2
Hydrocortisone,CC12CCC(=O)C=C1CCC3C2C(CC4(C3CCC4(C(=O)CO)O)C)O
Dexamethasone,CC1CC2C3CCC4=CC(=O)C=CC4(C3(C(CC2(C1(C(=O)CO)O)C)O)F)C
Cortivazol,CC1CC2C3C=C(C4=CC5=C(CC4(C3C(CC2(C1(C(=O)COC(=O)C)O)C)O)C)C=NN5C6=CC=CC=C6)C
Abiraterone,CC12CCC(CC1=CCC3C2CCC4(C3CC=C4C5=CN=CC=C5)C)O
Doxercalciferol,CC(C)C(C)C=CC(C)C1CCC2C1(CCCC2=CC=C3CC(CC(C3=C)O)O)C
Seocalcitol,CCC(CC)(C=CC=CC(C)C1CCC2C1(CCCC2=CC=C3CC(CC(C3=C)O)O)C)O
Bicalutamide,CC(CS(=O)(=O)C1=CC=C(C=C1)F)(C(=O)NC2=CC(=C(C=C2)C#N)C(F)(F)F)O
Enzalutamide,CC1(C(=O)N(C(=S)N1C2=CC(=C(C=C2)C(=O)NC)F)C3=CC(=C(C=C3)C#N)C(F)(F)F)C
Pioglitazone hydrochloride,CCC1=CN=C(C=C1)CCOC2=CC=C(C=C2)CC3C(=O)NC(=O)S3.Cl
GW-501516,CC1=C(C=CC(=C1)SCC2=C(N=C(S2)C3=CC=C(C=C3)C(F)(F)F)C)OCC(=O)O
Telmisartan,CCCC1=NC2=C(N1CC3=CC=C(C=C3)C4=CC=CC=C4C(=O)O)C=C(C=C2C)C5=NC6=CC=CC=C6N5C
Apratastat,CC1(C(N(CCS1)S(=O)(=O)C2=CC=C(C=C2)OCC#CCO)C(=O)NO)C
Omeprazole,CC1=CN=C(C(=C1OC)C)CS(=O)C2=NC3=C(N2)C=C(C=C3)OC
Sildenafil citrate,CCCC1=NN(C2=C1N=C(NC2=O)C3=C(C=CC(=C3)S(=O)(=O)N4CCN(CC4)C)OCC)C.C(C(=O)O)C(CC(=O)O)(C(=O)O)O
Riluzole,C1=CC2=C(C=C1OC(F)(F)F)SC(=N2)N
Ivacaftor,CC(C)(C)C1=CC(=C(C=C1NC(=O)C2=CNC3=CC=CC=C3C2=O)O)C(C)(C)C
Ivabradine hydrochloride,CN(CCCN1CCC2=CC(=C(C=C2CC1=O)OC)OC)CC3CC4=CC(=C(C=C34)OC)OC.Cl
Meclinertant,COC1=C(C(=CC=C1)OC)C2=CC(=NN2C3=C4C=CC(=CC4=NC=C3)Cl)C(=O)NC5(C6CC7CC(C6)CC5C7)C(=O)O
Zibotentan,CC1=CN=C(C(=N1)OC)NS(=O)(=O)C2=C(N=CC=C2)C3=CC=C(C=C3)C4=NN=CO4
Turofexorate isopropyl,CC(C)OC(=O)C1=CN(CC(C2=C1NC3=CC=CC=C32)(C)C)C(=O)C4=CC(=C(C=C4)F)F
Aprepitant,CC(C1=CC(=CC(=C1)C(F)(F)F)C(F)(F)F)OC2C(N(CCO2)CC3=NNC(=O)N3)C4=CC=C(C=C4)F
Rolofylline,CCCN1C2=C(C(=O)N(C1=O)CCC)NC(=N2)C34CC5CC(C3)CC4C5
Veliflapon,C1CCC(C1)C(C2=CC=C(C=C2)OCC3=NC4=CC=CC=C4C=C3)C(=O)O
Zileuton,CC(C1=CC2=CC=CC=C2S1)N(C(=O)N)O
Celecoxib,CC1=CC=C(C=C1)C2=CC(=NN2C3=CC=C(C=C3)S(=O)(=O)N)C(F)(F)F
Simvastatin,CCC(C)(C)C(=O)OC1CC(C=C2C1C(C(C=C2)C)CCC3CC(CC(=O)O3)O)C
Dalcetrapib,CCC(CC)CC1(CCCCC1)C(=O)NC2=CC=CC=C2SC(=O)C(C)C
Ezetimibe,C1=CC(=CC=C1C2C(C(=O)N2C3=CC=C(C=C3)F)CCC(C4=CC=C(C=C4)F)O)O
Ibutamoren mesilate,CC(C)(C(=O)NC(COCC1=CC=CC=C1)C(=O)N2CCC3(CC2)CN(C4=CC=CC=C34)S(=O)(=O)C)N.CS(=O)(=O)O
Dapagliflozin,CCOC1=CC=C(C=C1)CC2=C(C=CC(=C2)C3C(C(C(C(O3)CO)O)O)O)Cl
Efavirenz,C1CC1C#CC2(C3=C(C=CC(=C3)Cl)NC(=O)O2)C(F)(F)F
Etoposide,CC1OCC2C(O1)C(C(C(O2)OC3C4COC(=O)C4C(C5=CC6=C(C=C35)OCO6)C7=CC(=C(C(=C7)OC)O)OC)O)O
Paclitaxel,CC1=C2C(C(=O)C3(C(CC4C(C3C(C(C2(C)C)(CC1OC(=O)C(C(C5=CC=CC=C5)NC(=O)C6=CC=CC=C6)O)O)OC(=O)C7=CC=CC=C7)(CO4)OC(=O)C)O)C)OC(=O)C
Cytarabine,C1=CN(C(=O)N=C1N)C2C(C(C(O2)CO)O)O
Mitomycin C,CC1=C(C(=O)C2=C(C1=O)N3CC4C(C3(C2COC(=O)N)OC)N4)N
Raltitrexed,CC1=NC2=C(C=C(C=C2)CN(C)C3=CC=C(S3)C(=O)NC(CCC(=O)O)C(=O)O)C(=O)N1
Methotrexate,CN(CC1=CN=C2C(=N1)C(=NC(=N2)N)N)C3=CC=C(C=C3)C(=O)NC(CCC(=O)O)C(=O)O
Pralatrexate,C#CCC(CC1=CN=C2C(=N1)C(=NC(=N2)N)N)C3=CC=C(C=C3)C(=O)NC(CCC(=O)O)C(=O)O
Pyrimethamine,CCC1=C(C(=NC(=N1)N)N)C2=CC=C(C=C2)Cl
Cytisine,C1C2CNCC1C3=CC=CC(=O)N3C2
Prazosin hydrochloride,COC1=C(C=C2C(=C1)C(=NC(=N2)N3CCN(CC3)C(=O)C4=CC=CO4)N)OC.Cl
Ciclopirox,CC1=CC(=O)N(C(=C1)C2CCCCC2)O
Chloroxine,C1=CC2=C(C(=C(C=C2Cl)Cl)O)N=C1
Prochlorperazine,CN1CCN(CC1)CCCN2C3=CC=CC=C3SC4=C2C=C(C=C4)Cl
Marizomib,CC12C(C(=O)NC1(C(=O)O2)C(C3CCCC=C3)O)CCCl
Mebendazole,COC(=O)NC1=NC2=C(N1)C=C(C=C2)C(=O)C3=CC=CC=C3
Fingolimod hydrochloride,CCCCCCCCC1=CC=C(C=C1)CCC(CO)(CO)N.Cl
BMS-754807,CC1(CCCN1C2=NN3C=CC=C3C(=N2)NC4=NNC(=C4)C5CC5)C(=O)NC6=CN=C(C=C6)F
Dinaciclib (SCH727965),CCC1=C2N=C(C=C(N2N=C1)NCC3=C[N+](=CC=C3)[O-])N4CCCCC4CCO
PF-04691502,CC1=C2C=C(C(=O)N(C2=NC(=N1)N)C3CCC(CC3)OCCO)C4=CN=C(C=C4)OC
Fostamatinib,CC1(C(=O)N(C2=C(O1)C=CC(=N2)NC3=NC(=NC=C3F)NC4=CC(=C(C(=C4)OC)OC)OC)COP(=O)(O)O)C
Birinapant,CCC(C(=O)N1CC(CC1CC2=C(NC3=C2C=CC(=C3)F)C4=C(C5=C(N4)C=C(C=C5)F)CC6CC(CN6C(=O)C(CC)NC(=O)C(C)NC)O)O)NC(=O)C(C)NC
Raloxifene hydrochloride,C1CCN(CC1)CCOC2=CC=C(C=C2)C(=O)C3=C(SC4=C3C=CC(=C4)O)C5=CC=C(C=C5)O.Cl
Niclosamide,C1=CC(=C(C=C1[N+](=O)[O-])Cl)NC(=O)C2=C(C=CC(=C2)Cl)O
Emricasan,CC(C(=O)NC(CC(=O)O)C(=O)COC1=C(C(=CC(=C1F)F)F)F)NC(=O)C(=O)NC2=CC=CC=C2C(C)(C)C
VX-765,CCOC1C(CC(=O)O1)NC(=O)C2CCCN2C(=O)C(C(C)(C)C)NC(=O)C3=CC(=C(C=C3)N)Cl
Odanacatib,CC(C)(CC(C(=O)NC1(CC1)C#N)NC(C2=CC=C(C=C2)C3=CC=C(C=C3)S(=O)(=O)C)C(F)(F)F)F
Olmesartan,CCCC1=NC(=C(N1CC2=CC=C(C=C2)C3=CC=CC=C3C4=NNN=N4)C(=O)O)C(C)(C)O
Enalapril maleate,CCOC(=O)C(CCC1=CC=CC=C1)NC(C)C(=O)N2CCCC2C(=O)O.C(=CC(=O)O)C(=O)O
Ramipril,CCOC(=O)C(CCC1=CC=CC=C1)NC(C)C(=O)N2C3CCCC3CC2C(=O)O
Venetoclax (ABT-199),CC1(CCC(=C(C1)C2=CC=C(C=C2)Cl)CN3CCN(CC3)C4=CC(=C(C=C4)C(=O)NS(=O)(=O)C5=CC(=C(C=C5)NCC6CCOCC6)[N+](=O)[O-])OC7=CN=C8C(=C7)C=CN8)C
AMG-232,CC(C)C(CS(=O)(=O)C(C)C)N1C(C(CC(C1=O)(C)CC(=O)O)C2=CC(=CC=C2)Cl)C3=CC=C(C=C3)Cl
Idasanutlin,CC(C)(C)CC1C(C(C(N1)C(=O)NC2=C(C=C(C=C2)C(=O)O)OC)C3=C(C(=CC=C3)Cl)F)(C#N)C4=C(C=C(C=C4)Cl)F
R-Etodolac,CCC1=C2C(=CC=C1)C3=C(N2)C(OCC3)(CC)CC(=O)O
M2698,C1CN(C1)CC(C2=CC(=C(C=C2)Cl)C(F)(F)F)NC3=NC=NC4=C3C=CC=C4C(=O)N
Ipatasertib,CC1CC(C2=C1C(=NC=N2)N3CCN(CC3)C(=O)C(CNC(C)C)C4=CC=C(C=C4)Cl)O
GSK2141795,CN1C(=C(C=N1)Cl)C2=C(OC(=C2)C(=O)NC(CC3=CC(=C(C=C3)F)F)CN)Cl
BAY-1125976,C1CC(C1)(C2=CC=C(C=C2)C3=C(N4C(=N3)C=CC(=N4)C(=O)N)C5=CC=CC=C5)N
Miransertib,C1CC(C1)(C2=CC=C(C=C2)N3C4=C(C=CC(=N4)C5=CC=CC=C5)N=C3C6=C(N=CC=C6)N)N
AZD-5363,C1CN(CCC1(C(=O)NC(CCO)C2=CC=C(C=C2)Cl)N)C3=NC=NC4=C3C=CN4
Triciribine,CN1C2=NC=NC3=C2C(=CN3C4C(C(C(O4)COP(=O)(O)O)O)O)C(=N1)N
Afuresertib (GSK2110183),CN1C(=C(C=N1)Cl)C2=C(SC(=C2)C(=O)NC(CC3=CC(=CC=C3)F)CN)Cl
AT-13148,C1=CC(=CC=C1C2=CNN=C2)C(CN)(C3=CC=C(C=C3)Cl)O
MKC-1,CN1C=C(C2=CC=CC=C21)C3=C(C(=O)NC3=O)C4=CN(C5=C4C=CC(=C5)[N+](=O)[O-])C
ASP-3026,CC(C)S(=O)(=O)C1=CC=CC=C1NC2=NC(=NC=N2)NC3=C(C=C(C=C3)N4CCC(CC4)N5CCN(CC5)C)OC
Vactosertib,CC1=NC(=CC=C1)C2=C(N=C(N2)CNC3=CC=CC=C3F)C4=CN5C(=NC=N5)C=C4
TPX-0005,CC1CNC(=O)C2=C3N=C(C=CN3N=C2)NC(C4=C(O1)C=CC(=C4)F)C
AP-26113,CN1CCN(CC1)C2CCN(CC2)C3=CC(=C(C=C3)NC4=NC=C(C(=N4)NC5=CC=CC=C5P(=O)(C)C)Cl)OC
Ceritinib,CC1=CC(=C(C=C1C2CCNCC2)OC(C)C)NC3=NC=C(C(=N3)NC4=CC=CC=C4S(=O)(=O)C(C)C)Cl
Lorlatinib,CC1C2=C(C=CC(=C2)F)C(=O)N(CC3=NN(C(=C3C4=CC(=C(N=C4)N)O1)C#N)C)C
Ensartinib,CC1CN(CC(N1)C)C(=O)C2=CC=C(C=C2)NC(=O)C3=NN=C(C(=C3)OC(C)C4=C(C=CC(=C4Cl)F)Cl)N
BAY-1895344,CC1COCCN1C2=NC3=C(C=CN=C3C4=CC=NN4)C(=C2)C5=CC=NN5C
Berzosertib,CC(C)S(=O)(=O)C1=CC=C(C=C1)C2=CN=C(C(=N2)C3=CC(=NO3)C4=CC=C(C=C4)CNC)N
AZD-6738,CC1COCCN1C2=NC(=NC(=C2)C3(CC3)S(=N)(=O)C)C4=C5C=CNC5=NC=C4
Selonsertib,CC1=CC(=C(C=C1N2C=C(N=C2)C3CC3)C(=O)NC4=CC=CC(=N4)C5=NN=CN5C(C)C)F
PF-03814735,CC(=O)NCC(=O)N1C2CCC1C3=C2C=CC(=C3)NC4=NC=C(C(=N4)NC5CCC5)C(F)(F)F
MLN-8054,C1C2=CN=C(N=C2C3=C(C=C(C=C3)Cl)C(=N1)C4=C(C=CC=C4F)F)NC5=CC=C(C=C5)C(=O)O
TAK-901,CCS(=O)(=O)C1=CC=CC(=C1)C2=CC(=C(C3=C2C4=C(N3)N=CC(=C4)C)C)C(=O)NC5CCN(CC5)C
GSK-1070916A,CCN1C=C(C(=N1)C2=CC=C(C=C2)NC(=O)N(C)C)C3=C4C=C(NC4=NC=C3)C5=CC=CC(=C5)CN(C)C
AZD1152,CCN(CCCOC1=CC2=C(C=C1)C(=NC=N2)NC3=NNC(=C3)CC(=O)NC4=CC(=CC=C4)F)CCOP(=O)(O)O
Gilteritinib,CCC1=C(N=C(C(=N1)C(=O)N)NC2=CC(=C(C=C2)N3CCC(CC3)N4CCN(CC4)C)OC)NC5CCOCC5
Bemcentinib,C1CCN(C1)C2CCC3=C(CC2)C=C(C=C3)NC4=NN(C(=N4)N)C5=NN=C6C(=C5)CCCC7=CC=CC=C76
KW-2449,C1CN(CCN1)C(=O)C2=CC=C(C=C2)C=CC3=NNC4=CC=CC=C43
Bafetinib,CC1=C(C=C(C=C1)NC(=O)C2=CC(=C(C=C2)CN3CCC(C3)N(C)C)C(F)(F)F)NC4=NC=CC(=N4)C5=CN=CN=C5
Asciminib,C1CN(CC1O)C2=C(C=C(C=N2)C(=O)NC3=CC=C(C=C3)OC(F)(F)Cl)C4=CC=NN4
GZD-824,CC1=C(C=C(C=C1)C(=O)NC2=CC(=C(C=C2)CN3CCN(CC3)C)C(F)(F)F)C#CC4=CC5=C(NN=C5)N=C4
Acalabrutinib,CC#CC(=O)N1CCCC1C2=NC(=C3N2C=CN=C3N)C4=CC=C(C=C4)C(=O)NC5=CC=CC=N5
Evobrutinib,C=CC(=O)N1CCC(CC1)CNC2=NC=NC(=C2C3=CC=C(C=C3)OC4=CC=CC=C4)N
RG-7845 (GDC-0853),CC1CN(CCN1C2=CN=C(C=C2)NC3=CC(=CN(C3=O)C)C4=C(C(=NC=C4)N5CCN6C7=C(CC(C7)(C)C)C=C6C5=O)CO)C8COC8
SB-1317,CN1CC=CCCOC2=CC=CC(=C2)C3=NC(=NC=C3)NC4=CC=CC(=C4)C1
R-547,COC1=C(C(=C(C=C1)F)F)C(=O)C2=CN=C(N=C2N)NC3CCN(CC3)S(=O)(=O)C
Milciclib,CC1(CC2=CN=C(N=C2C3=C1C(=NN3C)C(=O)NC)NC4=CC=C(C=C4)N5CCN(CC5)C)C
AZD-5438,CC1=NC=C(N1C(C)C)C2=NC(=NC=C2)NC3=CC=C(C=C3)S(=O)(=O)C
Ribociclib (LEE011),CN(C)C(=O)C1=CC2=CN=C(N=C2N1C3CCCC3)NC4=NC=C(C=C4)N5CCNCC5
Abemaciclib,CCN1CCN(CC1)CC2=CN=C(C=C2)NC3=NC=C(C(=N3)C4=CC5=C(C(=C4)F)N=C(N5C(C)C)C)F
TAK-931,CC1=C(C=NN1)C2=CC3=C(S2)C(=O)NC(=N3)C4CC5CCN4CC5
Rabusertib,CC1=CC(=C(C=C1Br)NC(=O)NC2=NC=C(N=C2)C)OCC3CNCCO3
MK-8776,CN1C=C(C=N1)C2=C3N=C(C(=C(N3N=C2)N)Br)C4CCCNC4
SCH 900776,CN1C=C(C=N1)C2=C3N=C(C(=C(N3N=C2)N)Br)C4CCCNC4
Prexasertib,COC1=C(C(=CC=C1)OCCCN)C2=CC(=NN2)NC3=NC=C(N=C3)C#N
Pexidartinib,C1=CC(=NC=C1CC2=CNC3=C2C=C(C=N3)Cl)NCC4=CN=C(C=C4)C(F)(F)F
CC-115,CCN1C(=O)CNC2=NC=C(N=C21)C3=C(N=C(C=C3)C4=NC=NN4)C
BAY-1161909,CC(C1=CC=C(C=C1)F)C(=O)NC2=CC=C(C=C2)C3=CN4C(=NC(=N4)NC5=C(C=C(C=C5)S(=O)(=O)C)OC)C=C3
BAY-1217389,CC1=C(C=CC(=C1)C2=CN=C3N2N=C(C=C3NCCC(F)(F)F)OC4=C(C(=C(C=C4)OC)F)F)C(=O)NC5CC5
AC-480,CC1=C2C(=NC=NN2C=C1NC(=O)OCC3COCCN3)NC4=CC5=C(C=C4)N(N=C5)CC6=CC(=CC=C6)F
TAK-285,CC(C)(CC(=O)NCCN1C=CC2=C1C(=NC=N2)NC3=CC(=C(C=C3)OC4=CC=CC(=C4)C(F)(F)F)Cl)O
Avitinib,CN1CCN(CC1)C2=C(C=C(C=C2)NC3=NC4=C(C=CN4)C(=N3)OC5=CC=CC(=C5)NC(=O)C=C)F
XL647,CN1CC2CC(CC2C1)COC3=C(C=C4C(=C3)N=CN=C4NC5=C(C(=C(C=C5)Cl)Cl)F)OC
Tesevatinib,CN1CC2CC(CC2C1)COC3=C(C=C4C(=C3)N=CN=C4NC5=C(C(=C(C=C5)Cl)Cl)F)OC
CEP-32496,CC(C)(C1=CC(=NO1)NC(=O)NC2=CC(=CC=C2)OC3=NC=NC4=CC(=C(C=C43)OC)OC)C(F)(F)F
Poziotinib,COC1=C(C=C2C(=C1)N=CN=C2NC3=C(C(=C(C=C3)Cl)Cl)F)OC4CCN(CC4)C(=O)C=C
BMS-599626,CC1=C2C(=NC=NN2C=C1NC(=O)OCC3COCCN3)NC4=CC5=C(C=C4)N(N=C5)CC6=CC(=CC=C6)F
AZD-3759,CC1CN(CCN1C(=O)OC2=C(C=C3C(=C2)C(=NC=N3)NC4=C(C(=CC=C4)Cl)F)OC)C
Osimertinib mesylate,CN1C=C(C2=CC=CC=C21)C3=NC(=NC=C3)NC4=C(C=C(C(=C4)NC(=O)C=C)N(C)CCN(C)C)OC.CS(=O)(=O)O
Rociletinib,CC(=O)N1CCN(CC1)C2=CC(=C(C=C2)NC3=NC=C(C(=N3)NC4=CC(=CC=C4)NC(=O)C=C)C(F)(F)F)OC
PF-06747775,CN1C=C(C(=N1)OC)NC2=C3C(=NC(=N2)N4CC(C(C4)F)NC(=O)C=C)N(C=N3)C
Mubritinib,C1=CC(=CC=C1CCCCN2C=CN=N2)OCC3=COC(=N3)C=CC4=CC=C(C=C4)C(F)(F)F
Tucatinib,CC1=C(C=CC(=C1)NC2=NC=NC3=C2C=C(C=C3)NC4=NC(CO4)(C)C)OC5=CC6=NC=NN6C=C5
Sapitinib,CNC(=O)CN1CCC(CC1)OC2=C(C=C3C(=C2)C(=NC=N3)NC4=C(C(=CC=C4)Cl)F)OC
AST-1306,C=CC(=O)NC1=CC2=C(C=C1)N=CN=C2NC3=CC(=C(C=C3)OCC4=CC(=CC=C4)F)Cl
CH-5183284,CC1=NC2=C(N1)C=C(C=C2)N3C(=C(C=N3)C(=O)C4=CC5=CC=CC=C5N4)N
Erdafitinib,CC(C)NCCN(C1=CC2=NC(=CN=C2C=C1)C3=CN(N=C3)C)C4=CC(=CC(=C4)OC)OC
Derazantinib,COCCNCCC1=CC(=CC=C1)NC2=NC=C3CC(C4=CC=CC=C4C3=N2)C5=CC=CC=C5F
Infigratinib,CCN1CCN(CC1)C2=CC=C(C=C2)NC3=CC(=NC=N3)N(C)C(=O)NC4=C(C(=CC(=C4Cl)OC)OC)Cl
NVP-FGF-401,CN1CCN(C(=O)C1)CC2=C(N=C3C(=C2)CCCN3C(=O)NC4=NC=C(C(=C4)NCCOC)C#N)C=O
Suramin sodium,CC1=C(C=C(C=C1)C(=O)NC2=C3C(=CC(=CC3=C(C=C2)S(=O)(=O)[O-])S(=O)(=O)[O-])S(=O)(=O)[O-])NC(=O)C4=CC(=CC=C4)NC(=O)NC5=CC=CC(=C5)C(=O)NC6=C(C=CC(=C6)C(=O)NC7=C8C(=CC(=CC8=C(C=C7)S(=O)(=O)[O-])S(=O)(=O)[O-])S(=O)(=O)[O-])C.[Na+].[Na+].[Na+].[Na+].[Na+].[Na+]
Semaxanib,CC1=CC(=C(N1)C=C2C3=CC=CC=C3NC2=O)C
AST-487,CCN1CCN(CC1)CC2=C(C=C(C=C2)NC(=O)NC3=CC=C(C=C3)OC4=NC=NC(=C4)NC)C(F)(F)F
GSK-2256098,CC1=NN(C(=C1)NC2=NC=C(C(=C2)NC3=CC=CC=C3C(=O)NOC)Cl)C(C)C
Defactinib,CNC(=O)C1=CC=C(C=C1)NC2=NC=C(C(=N2)NCC3=NC=CN=C3N(C)S(=O)(=O)C)C(F)(F)F
LY-2090314,C1CCN(CC1)C(=O)N2CCN3C=C(C4=CC(=CC(=C43)C2)F)C5=C(C(=O)NC5=O)C6=CN=C7N6C=CC=C7
Valproic acid sodium salt,CCCC(CCC)C(=O)[O-].[Na+]
Tideglusib,C1=CC=C(C=C1)CN2C(=O)N(SC2=O)C3=CC=CC4=CC=CC=C43
AMG-337,CC(C1=NN=C2N1C=C(C=C2F)C3=CN(N=C3)C)N4C=CC5=C(C4=O)C=C(C=N5)OCCOC
Savolitinib,CC(C1=CN2C=CN=C2C=C1)N3C4=NC(=CN=C4N=N3)C5=CN(N=C5)C
AMG-208,COC1=CC2=NC=CC(=C2C=C1)OCC3=NN=C4N3N=C(C=C4)C5=CC=CC=C5
Tivantinib,C1CC2=C3C(=CC=C2)C(=CN3C1)C4C(C(=O)NC4=O)C5=CNC6=CC=CC=C65
Capmatinib,CNC(=O)C1=C(C=C(C=C1)C2=NN3C(=CN=C3N=C2)CC4=CC5=C(C=C4)N=CC=C5)F
MK-8033,CN1C=C(C=N1)C2=CC3=C(C=CC4=C(C3=O)C=C(C=C4)CS(=O)(=O)NCC5=CC=CC=N5)N=C2
Altiratinib,C1CC1C(=O)NC2=NC=CC(=C2)OC3=C(C=C(C(=C3)F)NC(=O)C4(CC4)C(=O)NC5=CC=C(C=C5)F)F
Brigatinib,CN1CCN(CC1)C2CCN(CC2)C3=CC(=C(C=C3)NC4=NC=C(C(=N4)NC5=CC=CC=C5P(=O)(C)C)Cl)OC
XL-228,CC(C)C1=NOC(=C1)CNC2=NC(=CC(=N2)N3CCN(CC3)C)NC4=NNC(=C4)C5CC5
Entrectinib,CN1CCN(CC1)C2=CC(=C(C=C2)C(=O)NC3=NNC4=C3C=C(C=C4)CC5=CC(=CC(=C5)F)F)NC6CCOCC6
Picropodophyllin,COC1=CC(=CC(=C1OC)OC)C2C3C(COC3=O)C(C4=CC5=C(C=C24)OCO5)O
Cerdulatinib,CCS(=O)(=O)N1CCN(CC1)C2=CC=C(C=C2)NC3=NC=C(C(=N3)NC4CC4)C(=O)N
Solcitinib,CC1(CN(C1)C(=O)C2=CC=C(C=C2)C3=CC=CC4=NC(=NN43)NC(=O)C5CC5)C
Itacitinib,C1CN(CCC1N2CC(C2)(CC#N)N3C=C(C=N3)C4=C5C=CNC5=NC=N4)C(=O)C6=C(C(=NC=C6)C(F)(F)F)F
Filgotinib,C1CC1C(=O)NC2=NN3C(=N2)C=CC=C3C4=CC=C(C=C4)CN5CCS(=O)(=O)CC5
Gandotinib,CC1=CC(=NN1)NC2=NN3C(=C(N=C3C(=C2)CN4CCOCC4)C)CC5=C(C=C(C=C5)Cl)F
BMS-911543,CCN1C(=CC2=C3C(=C(N=C21)NC4=NN(C(=C4)C)C)N=CN3C)C(=O)N(C5CC5)C6CC6
Baricitinib,CCS(=O)(=O)N1CC(C1)(CC#N)N2C=C(C=N2)C3=C4C=CNC4=NC=N3
Decernotinib,CCC(C)(C(=O)NCC(F)(F)F)NC1=NC(=NC=C1)C2=CNC3=C2C=CC=N3
PF-06651600,CC1CCC(CN1C(=O)C=C)NC2=NC=NC3=C2C=CN3
Olmutinib,CN1CCN(CC1)C2=CC=C(C=C2)NC3=NC4=C(C(=N3)OC5=CC=CC(=C5)NC(=O)C=C)SC=C4
CC-401,C1CCN(CC1)CCOC2=CC=CC(=C2)C3=NNC4=C3C=C(C=C4)C5=NC=NN5
AS-602801,C1COCCN1CC2=CC=C(C=C2)COC3=NC=CC(=N3)C(C#N)C4=NC5=CC=CC=C5S4
Tolimidone,CC1=CC(=CC=C1)OC2=CNC(=O)N=C2
Merestinib,CC1=CC=C(C(=O)N1C2=CC=C(C=C2)F)C(=O)NC3=CC(=C(C=C3)OC4=C(C=C5C(=C4)C=NN5C)C6=CNN=C6)F
ARRY-162,CN1C=NC2=C1C=C(C(=C2F)NC3=C(C=C(C=C3)Br)F)C(=O)NOCCO
Pimasertib,C1=CC(=C(C=C1I)F)NC2=C(C=CN=C2)C(=O)NCC(CO)O
PD-184352,C1CC1CONC(=O)C2=C(C(=C(C=C2)F)F)NC3=C(C=C(C=C3)I)Cl
Cobimetinib,C1CCNC(C1)C2(CN(C2)C(=O)C3=C(C(=C(C=C3)F)F)NC4=C(C=C(C=C4)I)F)O
RO-4987655,C1CC(=O)N(OC1)CC2=CC(=C(C(=C2F)F)NC3=C(C=C(C=C3)I)F)C(=O)NOCCO
AZD-8330,CC1=CC(=C(N(C1=O)C)NC2=C(C=C(C=C2)I)F)C(=O)NOCCO
Ravoxertinib,CN1C(=CC=N1)NC2=NC=CC(=N2)C3=CC(=O)N(C=C3)C(CO)C4=CC(=C(C=C4)Cl)F
Ulixertinib,CC(C)NC1=NC=C(C(=C1)C2=CNC(=C2)C(=O)NC(CO)C3=CC(=CC=C3)Cl)Cl
LY-3214996,CC1(C2=C(C=C(S2)C3=NC(=NC=C3)NC4=CC=NN4C)C(=O)N1CCN5CCOCC5)C
CC-223,CC(C)(C1=NC=C(C=C1)C2=CN=C3C(=N2)N(C(=O)CN3)C4CCC(CC4)OC)O
Temsirolimus,CC1CCC2CC(C(=CC=CC=CC(CC(C(=O)C(C(C(=CC(C(=O)CC(OC(=O)C3CCCCN3C(=O)C(=O)C1(O2)O)C(C)CC4CCC(C(C4)OC)OC(=O)C(C)(CO)CO)C)C)O)OC)C)C)C)OC
Ridaforolimus,CC1CCC2CC(C(=CC=CC=CC(CC(C(=O)C(C(C(=CC(C(=O)CC(OC(=O)C3CCCCN3C(=O)C(=O)C1(O2)O)C(C)CC4CCC(C(C4)OC)OP(=O)(C)C)C)C)O)OC)C)C)C)OC
INK-128,CC(C)N1C2=NC=NC(=C2C(=N1)C3=CC4=C(C=C3)OC(=N4)N)N
Vistusertib,CC1COCCN1C2=NC(=NC3=C2C=CC(=N3)C4=CC(=CC=C4)C(=O)NC)N5CCOCC5C
Voxtalisib,CCN1C2=NC(=NC(=C2C=C(C1=O)C3=CC=NN3)C)N
eFT508,CC1=C2C(=O)NC3(N2C(=O)C(=C1)NC4=NC=NC(=C4)N)CCCCC3
Iguratimod,CS(=O)(=O)NC1=C(C=C2C(=C1)OC=C(C2=O)NC=O)OC3=CC=CC=C3
Capsaicin,CC(C)C=CCCCCC(=O)NCC1=CC(=C(C=C1)O)OC
Erythromycin,CCC1C(C(C(C(=O)C(CC(C(C(C(C(C(=O)O1)C)OC2CC(C(C(O2)C)O)(C)OC)C)OC3C(C(CC(O3)C)N(C)C)O)(C)O)C)C)O)(C)O
Dimethyl fumarate,COC(=O)C=CC(=O)OC
PF-3758309,CC1=NC2=C(C(=N1)NC3=NNC4=C3CN(C4(C)C)C(=O)NC(CN(C)C)C5=CC=CC=C5)SC=C2
SD-06,C1CN(CCC1C2=C(C(=NN2)C3=CC=C(C=C3)Cl)C4=NC=NC=C4)C(=O)CO
TAK-715,CCC1=NC(=C(S1)C2=CC(=NC=C2)NC(=O)C3=CC=CC=C3)C4=CC=CC(=C4)C
AMG-548,CN1C(=O)C(=C(N=C1NCC(CC2=CC=CC=C2)N)C3=CC=NC=C3)C4=CC5=CC=CC=C5C=C4
Losmapimod,CC1=C(C=C(C=C1F)C(=O)NC2CC2)C3=NC=C(C=C3)C(=O)NCC(C)(C)C
Pexmetinib,CC1=CC=C(C=C1)N2C(=CC(=N2)C(C)(C)C)NC(=O)NCC3=C(C=CC(=C3)F)OC4=CC5=C(C=C4)N(N=C5)CCO
BMS-582949,CCCNC(=O)C1=CN2C(=C1C)C(=NC=N2)NC3=C(C=CC(=C3)C(=O)NC4CC4)C
Crenolanib,CC1(COC1)COC2=CC3=C(C=C2)N(C=N3)C4=NC5=C(C=CC=C5N6CCC(CC6)N)C=C4
TAK-593,CC1=C(C=C(C=C1)OC2=NN3C=C(N=C3C=C2)NC(=O)C4CC4)NC(=O)C5=CC(=NN5C)C
DCC-2618,CCN1C2=CC(=NC=C2C=C(C1=O)C3=CC(=C(C=C3Br)F)NC(=O)NC4=CC=CC=C4)NC
OSU-03012,C1=CC=C2C(=C1)C=CC3=C2C=CC(=C3)C4=CC(=NN4C5=CC=C(C=C5)NC(=O)CN)C(F)(F)F
Serabelisib,C1COCCN1C(=O)C2=CN=C3N2C=C(C=C3)C4=CC5=C(C=C4)OC(=N5)N
Gedatolisib,CN(C)C1CCN(CC1)C(=O)C2=CC=C(C=C2)NC(=O)NC3=CC=C(C=C3)C4=NC(=NC(=N4)N5CCOCC5)N6CCOCC6
Seletalisib,C1=CC2=CC(=C(N=C2C(=C1)Cl)C3=C[N+](=CC=C3)[O-])C(C(F)(F)F)NC4=NC=NC5=C4N=CC=C5
Alpelisib,CC1=C(SC(=N1)NC(=O)N2CCCC2C(=O)N)C3=CC(=NC=C3)C(C)(C)C(F)(F)F
Copanlisib,COC1=C(C=CC2=C3NCCN3C(=NC(=O)C4=CN=C(N=C4)N)N=C21)OCCCN5CCOCC5
Tenalisib,CCC(C1=C(C(=O)C2=CC=CC=C2O1)C3=CC(=CC=C3)F)NC4=NC=NC5=C4NC=N5
IPI-549,CC(C1=CC2=C(C(=CC=C2)C#CC3=CN(N=C3)C)C(=O)N1C4=CC=CC=C4)NC(=O)C5=C6N=CC=CN6N=C5N
LY-3023414,CC(CN1C2=C3C=C(C=CC3=NC=C2N(C1=O)C)C4=CC(=CN=C4)C(C)(C)O)OC
ZSTK-474,C1COCCN1C2=NC(=NC(=N2)N3C4=CC=CC=C4N=C3C(F)F)N5CCOCC5
XL-147,CC(C)(C(=O)NC1=CC(=CC=C1)S(=O)(=O)NC2=NC3=CC=CC=C3N=C2NC4=C(C=CC(=C4)OC)Cl)N
TG-100115,C1=CC(=CC(=C1)O)C2=NC3=C(N=C(N=C3N=C2C4=CC(=CC=C4)O)N)N
GDC-0084,CC1(C2=NC3=C(N2CCO1)N=C(N=C3N4CCOCC4)C5=CN=C(N=C5)N)C
CUDC-907,CN(CC1=CC2=C(S1)C(=NC(=N2)C3=CN=C(C=C3)OC)N4CCOCC4)C5=NC=C(C=N5)C(=O)NO
PX-866,CC(=O)OC1CC2(C(CCC2=O)C3=C1C4(C(OC(=O)C(=CN(CC=C)CC=C)C4=C(C3=O)O)COC)C)C
AZD-8186,CC(C1=CC(=CC2=C1OC(=CC2=O)N3CCOCC3)C(=O)N(C)C)NC4=CC(=CC(=C4)F)F
GDC-0077,CC(C(=O)N)NC1=CC2=C(C=C1)C3=NC(=CN3CCO2)N4C(COC4=O)C(F)F
GSK-615,C1=CC2=NC=CC(=C2C=C1C=C3C(=O)NC(=O)S3)C4=CC=NC=C4
Pilaralisib,CC(C)(C(=O)NC1=CC(=CC=C1)S(=O)(=O)NC2=NC3=CC=CC=C3N=C2NC4=C(C=CC(=C4)OC)Cl)N
CH-5132799,CS(=O)(=O)N1CCC2=C(N=C(N=C21)N3CCOCC3)C4=CN=C(N=C4)N
GSK-2636771,CC1=C(C=CC=C1C(F)(F)F)CN2C(=NC3=C(C=C(C=C32)N4CCOCC4)C(=O)O)C
Duvelisib,CC(C1=CC2=C(C(=CC=C2)Cl)C(=O)N1C3=CC=CC=C3)NC4=NC=NC5=C4NC=N5
Acalisib,CC(C1=NC2=C(C=C(C=C2)F)C(=O)N1C3=CC=CC=C3)NC4=NC=NC5=C4NC=N5
AMG-319,CC(C1=C(N=C2C=C(C=CC2=C1)F)C3=CC=CC=N3)NC4=NC=NC5=C4NC=N5
LGH-447,CC1CC(CC(C1)N)C2=C(C=NC=C2)NC(=O)C3=NC(=C(C=C3)F)C4=C(C=CC=C4F)F
GDC-0349,CCNC(=O)NC1=CC=C(C=C1)C2=NC3=C(CCN(C3)C4COC4)C(=N2)N5CCOCC5C
TAK-960,CN1CCC(CC1)NC(=O)C2=CC(=C(C=C2F)NC3=NC=C4C(=N3)N(CC(C(=O)N4C)(F)F)C5CCCC5)OC
Briciclib,COC1=C(C=C(C=C1)CS(=O)(=O)C=CC2=C(C=C(C=C2OC)OC)OC)OP(=O)(O)O
IVX-214,CC(=O)N(C1=CC=CC=C1C=CC2=CC=[N+](C=C2)[O-])S(=O)(=O)C3=CC=C(C=C3)OC
NMS-P937,CN1CCN(CC1)C2=CC(=C(C=C2)OC(F)(F)F)NC3=NC=C4CCC5=C(C4=N3)N(N=C5C(=O)N)CCO
PLX-8394,C1CC1C2=NC=C(C=N2)C3=CC4=C(NC=C4C(=O)C5=C(C=CC(=C5F)NS(=O)(=O)N6CCC(C6)F)F)N=C3
RO-5126766,CC1=C(C(=O)OC2=C1C=CC(=C2)OC3=NC=CC=N3)CC4=C(C(=NC=C4)NS(=O)(=O)NC)F
RAF-265 derivative,CN1C2=C(C=C(C=C2)OC3=CC(=NC=C3)C4=NC=C(N4)C(F)(F)F)N=C1NC5=CC=C(C=C5)C(F)(F)F
MLN-2480,CC(C1=NC=C(S1)C(=O)NC2=NC=C(C(=C2)C(F)(F)F)Cl)NC(=O)C3=C(C(=NC=N3)N)Cl
LY-3009120,CC1=CC(=C(C=C1C2=C(N=C3C(=C2)C=NC(=N3)NC)C)NC(=O)NCCC(C)(C)C)F
Encorafenib,CC(C)N1C=C(C(=N1)C2=C(C(=CC(=C2)Cl)NS(=O)(=O)C)F)C3=NC(=NC=C3)NCC(C)NC(=O)OC
LY-2584702,CN1C=C(N=C1C2CCN(CC2)C3=NC=NC4=C3C=NN4)C5=CC(=C(C=C5)F)C(F)(F)F
GSK-2982772,CN1C2=CC=CC=C2OCC(C1=O)NC(=O)C3=NNC(=N3)CC4=CC=CC=C4
KD-025,CC(C)NC(=O)COC1=CC=CC(=C1)C2=NC3=CC=CC=C3C(=N2)NC4=CC5=C(C=C4)NN=C5
Y-39983,CC(C1=CC=C(C=C1)C(=O)NC2=C3C=CNC3=NC=C2)N
Ripasudil,CC1CNCCCN1S(=O)(=O)C2=CC=CC3=CN=CC(=C32)F
ABC-294640,C1C2CC3(CC1CC(C2)(C3)C(=O)NCC4=CC=NC=C4)C5=CC=C(C=C5)Cl
M-475271,CN1CCC(CC1)COC2=C(C=C3C(=C2)N=CN=C3NC4=C(C=CC(=C4)OC)Cl)OC
TG-100801,CC1=CC(=CC2=C1N=C(N=N2)NC3=CC=C(C=C3)OCCN4CCCC4)C5=C(C=CC(=C5)OC(=O)C6=CC=CC=C6)Cl
KX-01,C1COCCN1CCOC2=CC=C(C=C2)C3=CN=C(C=C3)CC(=O)NCC4=CC=CC=C4
Entospletinib,C1COCCN1C2=CC=C(C=C2)NC3=NC(=CN4C3=NC=C4)C5=CC6=C(C=C5)C=NN6
Galunisertib,CC1=NC(=CC=C1)C2=NN3CCCC3=C2C4=C5C=C(C=CC5=NC=C4)C(=O)N
Larotrectinib,C1CC(N(C1)C2=NC3=C(C=NN3C=C2)NC(=O)N4CCC(C4)O)C5=C(C=CC(=C5)F)F
Sunitinib malate,CCN(CC)CCNC(=O)C1=C(NC(=C1C)C=C2C3=C(C=CC(=C3)F)NC2=O)C.C(C(C(=O)O)O)C(=O)O
Fruquintinib,CC1=C(C2=C(O1)C=C(C=C2)OC3=NC=NC4=CC(=C(C=C43)OC)OC)C(=O)NC
Glesatinib,COCCNCC1=CN=C(C=C1)C2=CC3=NC=CC(=C3S2)OC4=C(C=C(C=C4)NC(=S)NC(=O)CC5=CC=C(C=C5)F)F
BFH-772,C1=CC(=CC(=C1)NC(=O)C2=CC=CC3=C2C=CC(=C3)OC4=NC=NC(=C4)CO)C(F)(F)F
Sulfatinib,CC1=CC2=C(N1)C=CC(=C2)OC3=NC(=NC=C3)NC4=CC=CC(=C4)CS(=O)(=O)NCCN(C)C
Golvatinib,CN1CCN(CC1)C2CCN(CC2)C(=O)NC3=NC=CC(=C3)OC4=CC(=C(C=C4)NC(=O)C5(CC5)C(=O)NC6=CC=C(C=C6)F)F
SU-014813,CC1=C(NC(=C1C(=O)NCC(CN2CCOCC2)O)C)C=C3C4=C(C=CC(=C4)F)NC3=O
AG-13958,CC1=NN(C(=C1)C(=O)NC2=C(C=CC(=C2)NC3=CC4=C(C=C3)C(=NN4)C=CC5=CC=CC=N5)F)C
Orantinib,CC1=C(NC(=C1CCC(=O)O)C)C=C2C3=CC=CC=C3NC2=O
KRN-633,CCCNC(=O)NC1=C(C=C(C=C1)OC2=NC=NC3=CC(=C(C=C32)OC)OC)Cl
Anlotinib,CC1=CC2=C(N1)C=CC(=C2F)OC3=C4C=C(C(=CC4=NC=C3)OCC5(CC5)N)OC
BMS-690514,COC1=CC=CC(=C1)NC2=NC=NN3C2=C(C=C3)CN4CCC(C(C4)O)N
Abexinostat,CN(C)CC1=C(OC2=CC=CC=C21)C(=O)NCCOC3=CC=C(C=C3)C(=O)NO
Quisinostat,CN1C=C(C2=CC=CC=C21)CNCC3CCN(CC3)C4=NC=C(C=N4)C(=O)NO
Tacedinaline,CC(=O)NC1=CC=C(C=C1)C(=O)NC2=CC=CC=C2N
ACY-1215,C1=CC=C(C=C1)N(C2=CC=CC=C2)C3=NC=C(C=N3)C(=O)NCCCCCCC(=O)NO
SRT-2104,CC1=C(SC(=N1)C2=CN=CC=C2)C(=O)NC3=CC=CC=C3C4=CN5C(=CSC5=N4)CN6CCOCC6
GSK-126,CCC(C)N1C=C(C2=C(C=C(C=C21)C3=CN=C(C=C3)N4CCNCC4)C(=O)NCC5=C(C=C(NC5=O)C)C)C
GSK-3326595,CC(=O)N1CCC(CC1)NC2=NC=NC(=C2)C(=O)NCC(CN3CCC4=CC=CC=C4C3)O
Birabresib,CC1=C(SC2=C1C(=NC(C3=NN=C(N32)C)CC(=O)NC4=CC=C(C=C4)O)C5=CC=C(C=C5)Cl)C
I-BET762,CCNC(=O)CC1C2=NN=C(N2C3=C(C=C(C=C3)OC)C(=N1)C4=CC=C(C=C4)Cl)C
BMS-986158,CC1=C(N(N=N1)C)C2=CC3=C(C4=C(N3C(C5CCOCC5)C6=CC=CC=C6)C=C(C=C4)C(C)(C)O)N=C2
CPI-0610,CC1=NOC2=C1C3=CC=CC=C3C(=NC2CC(=O)N)C4=CC=C(C=C4)Cl
BMN-673,CN1C(=NC=N1)C2C(NC3=CC(=CC4=C3C2=NNC4=O)F)C5=CC=C(C=C5)F
E-7449,C1C2=CC=CC=C2CN1CC3=NC4=NNC(=O)C5=C4C(=CC=C5)N3
Niraparib,C1CC(CNC1)C2=CC=C(C=C2)N3C=C4C=CC=C(C4=N3)C(=O)N
Methacycline hydrochloride,CN(C)C1C2C(C3C(=C)C4=C(C(=CC=C4)O)C(=C3C(=O)C2(C(=C(C1=O)C(=O)N)O)O)O)O.Cl
Oxytetracycline,CC1(C2C(C3C(C(=O)C(=C(C3(C(=O)C2=C(C4=C1C=CC=C4O)O)O)O)C(=O)N)N(C)C)O)O
Triapine,C1=CC(=C(N=C1)C=NNC(=S)N)N
Hydroxyurea,C(=O)(N)NO
Tioguanine,C1=NC2=C(N1)C(=S)N=C(N2)N
Fludarabine,C1=NC2=C(N=C(N=C2N1C3C(C(C(O3)COP(=O)(O)O)O)O)F)N
Nelarabine,COC1=NC(=NC2=C1N=CN2C3C(C(C(O3)CO)O)O)N
Azathioprine,CN1C=NC(=C1SC2=NC=NC3=C2NC=N3)[N+](=O)[O-]
Fluorouracil,C1=C(C(=O)NC(=O)N1)F
Flucytosine,C1=NC(=O)NC(=C1F)N
Floxuridine,C1C(C(OC1N2C=C(C(=O)NC2=O)F)CO)O
Tegafur,C1CC(OC1)N2C=C(C(=O)NC2=O)F
Capecitabine,CCCCCOC(=O)NC1=NC(=O)N(C=C1F)C2C(C(C(O2)C)O)O
Decitabine,C1C(C(OC1N2C=NC(=NC2=O)N)CO)O
Aciclovir,C1=NC2=C(N1COCCO)N=C(NC2=O)N
Ganciclovir,C1=NC2=C(N1COC(CO)CO)N=C(NC2=O)N
Brincidofovir,CCCCCCCCCCCCCCCCOCCCOP(=O)(COC(CN1C=CC(=NC1=O)N)CO)O
Clofarabine,C1=NC2=C(N=C(N=C2N1C3C(C(C(O3)CO)O)F)Cl)N
Adefovir dipivoxil,CC(C)(C)C(=O)OCOP(=O)(COCCN1C=NC2=C(N=CN=C21)N)OCOC(=O)C(C)(C)C
Troxacitabine,C1C(OC(O1)CO)N2C=CC(=NC2=O)N
Telbivudine,CC1=CN(C(=O)NC1=O)C2CC(C(O2)CO)O
Doxifluridine,CC1C(C(C(O1)N2C=C(C(=O)NC2=O)F)O)O
Trifluridine,C1C(C(OC1N2C=C(C(=O)NC2=O)C(F)(F)F)CO)O
Pemetrexed,C1=CC(=CC=C1CCC2=CNC3=C2C(=O)NC(=N3)N)C(=O)NC(CCC(=O)O)C(=O)O
Chlorambucil,C1=CC(=CC=C1CCCC(=O)O)N(CCCl)CCCl
Carmustine,C(CCl)NC(=O)N(CCCl)N=O
Melphalan,C1=CC(=CC=C1CC(C(=O)O)N)N(CCCl)CCCl
Busulfan,CS(=O)(=O)OCCCCOS(=O)(=O)C
Chlormethine,CN(CCCl)CCCl
Dacarbazine,CN(C)N=NC1=C(NC=N1)C(=O)N
Lomustine,C1CCC(CC1)NC(=O)N(CCCl)N=O
Fotemustine,CCOP(=O)(C(C)NC(=O)N(CCCl)N=O)OCC
Altretamine,CN(C)C1=NC(=NC(=N1)N(C)C)N(C)C
Procarbazine hydrochloride,CC(C)NC(=O)C1=CC=C(C=C1)CNNC.Cl
Apaziquone,CN1C(=C(C2=C1C(=O)C=C(C2=O)N3CC3)CO)C=CCO
Evofosfamide,CN1C(=CN=C1[N+](=O)[O-])COP(=O)(NCCBr)NCCBr
Trabectedin,CC1=CC2=C(C3C4C5C6=C(C(=C7C(=C6C(N4C(C(C2)N3C)O)COC(=O)C8(CS5)C9=CC(=C(C=C9CCN8)O)OC)OCO7)C)OC(=O)C)C(=C1OC)O
Tirapazamine,C1=CC=C2C(=C1)[N+](=C(N=[N+]2[O-])N)[O-]
SJG-136,COC1=C(C=C2C(=C1)C(=O)N3CC(=C)CC3C=N2)OCCCOC4=C(C=C5C(=C4)N=CC6CC(=C)CN6C5=O)OC
Exatecan,CCC1(C2=C(COC1=O)C(=O)N3CC4=C5C(CCC6=C5C(=CC(=C6C)F)N=C4C3=C2)N)O
Amrubicin,CC(=O)C1(CC(C2=C(C1)C(=C3C(=C2O)C(=O)C4=CC=CC=C4C3=O)O)OC5CC(C(CO5)O)O)N.Cl
Belotecan,CCC1(C2=C(COC1=O)C(=O)N3CC4=C(C5=CC=CC=C5N=C4C3=C2)CCNC(C)C)O
Amsacrine,COC1=C(C=CC(=C1)NS(=O)(=O)C)NC2=C3C=CC=CC3=NC4=CC=CC=C42
Vosaroxin,CNC1CN(CC1OC)C2=NC3=C(C=C2)C(=O)C(=CN3C4=NC=CS4)C(=O)O
Valrubicin,CCCCC(=O)OCC(=O)C1(CC(C2=C(C1)C(=C3C(=C2O)C(=O)C4=C(C3=O)C=CC=C4OC)O)OC5CC(C(C(O5)C)O)NC(=O)C(F)(F)F)O
Daunorubicin,CC1C(C(CC(O1)OC2CC(CC3=C2C(=C4C(=C3O)C(=O)C5=C(C4=O)C(=CC=C5)OC)O)(C(=O)C)O)N)O
Temozolomide,CN1C(=O)N2C=NC(=C2N=N1)C(=O)N
Dexrazoxane hydrochloride,CC(CN1CC(=O)NC(=O)C1)N2CC(=O)NC(=O)C2.Cl
Teniposide,COC1=CC(=CC(=C1O)OC)C2C3C(COC3=O)C(C4=CC5=C(C=C24)OCO5)OC6C(C(C7C(O6)COC(O7)C8=CC=CS8)O)O
Norfloxacin,CCN1C=C(C(=O)C2=CC(=C(C=C21)N3CCNCC3)F)C(=O)O
Ciprofloxacin,C1CC1N2C=C(C(=O)C3=CC(=C(C=C32)N4CCNCC4)F)C(=O)O
Gatifloxacin,CC1CN(CCN1)C2=C(C=C3C(=C2OC)N(C=C(C3=O)C(=O)O)C4CC4)F
Sparfloxacin,CC1CN(CC(N1)C)C2=C(C(=C3C(=C2F)N(C=C(C3=O)C(=O)O)C4CC4)N)F
Sitafloxacin hydrate,C1CC12CN(CC2N)C3=C(C=C4C(=C3Cl)N(C=C(C4=O)C(=O)O)C5CC5F)F.O
Moxifloxacin hydrochloride,COC1=C2C(=CC(=C1N3CC4CCCNC4C3)F)C(=O)C(=CN2C5CC5)C(=O)O.Cl
Epothilone B,CC1CCCC2(C(O2)CC(OC(=O)CC(C(C(=O)C(C1O)C)(C)C)O)C(=CC3=CSC(=N3)C)C)C
Epothilone D,CC1CCCC(=CCC(OC(=O)CC(C(C(=O)C(C1O)C)(C)C)O)C(=CC2=CSC(=N2)C)C)C
Lexibulin hydrochloride,CCCC(C1=CN=CC=C1)NC2=NC(=NC=C2C)C3=CC(=C(C=C3)NC(=O)NCC)OC
Cabazitaxel,CC1=C2C(C(=O)C3(C(CC4C(C3C(C(C2(C)C)(CC1OC(=O)C(C(C5=CC=CC=C5)NC(=O)OC(C)(C)C)O)O)OC(=O)C6=CC=CC=C6)(CO4)OC(=O)C)OC)C)OC
Colchicine,CC(=O)NC1CCC2=CC(=C(C(=C2C3=CC=C(C(=O)C=C13)OC)OC)OC)OC
Dolastatin 10,CCC(C)C(C(CC(=O)N1CCCC1C(C(C)C(=O)NC(CC2=CC=CC=C2)C3=NC=CS3)OC)OC)N(C)C(=O)C(C(C)C)NC(=O)C(C(C)C)N(C)C
Indibulin,C1=CC=C2C(=C1)C(=CN2CC3=CC=C(C=C3)Cl)C(=O)C(=O)NC4=CC=NC=C4
E-7010,COC1=CC=C(C=C1)S(=O)(=O)NC2=C(N=CC=C2)NC3=CC=C(C=C3)O
Ombrabulin,COC1=C(C=C(C=C1)C=CC2=CC(=C(C(=C2)OC)OC)OC)NC(=O)C(CO)N
Ixabepilone,CC1CCCC2(C(O2)CC(NC(=O)CC(C(C(=O)C(C1O)C)(C)C)O)C(=CC3=CSC(=N3)C)C)C
Filanesib,CN(C(=O)N1C(SC(=N1)C2=C(C=CC(=C2)F)F)(CCCN)C3=CC=CC=C3)OC
Litronesib,CCNCCS(=O)(=O)NCC1(N(N=C(S1)NC(=O)C(C)(C)C)C(=O)C(C)(C)C)C2=CC=CC=C2
Onalespib,CC(C)C1=CC(=C(C=C1O)O)C(=O)N2CC3=C(C2)C=C(C=C3)CN4CCN(CC4)C
Ganetespib (STA-9090),CC(C)C1=C(C=C(C(=C1)C2=NNC(=O)N2C3=CC4=C(C=C3)N(C=C4)C)O)O
Retaspimycin Hydrochloride,CC1CC(C(C(C=C(C(C(C=CC=C(C(=O)NC2=CC(=C(C(=C2O)C1)NCC=C)O)C)OC)OC(=O)N)C)C)O)OC.Cl
Ixazomib citrate,B1(OC(=O)C(O1)(CC(=O)O)CC(=O)O)C(CC(C)C)NC(=O)CNC(=O)C2=C(C=CC(=C2)Cl)Cl
Oprozomib,CC1=NC=C(S1)C(=O)NC(COC)C(=O)NC(COC)C(=O)NC(CC2=CC=CC=C2)C(=O)C3(CO3)C
MLN-4924,C1CC2=CC=CC=C2C1NC3=C4C=CN(C4=NC=N3)C5CC(C(C5)O)COS(=O)(=O)N
Probucol,CC(C)(C)C1=CC(=CC(=C1O)C(C)(C)C)SC(C)(C)SC2=CC(=C(C(=C2)C(C)(C)C)O)C(C)(C)C
Marimastat,CC(C)CC(C(C(=O)NO)O)C(=O)NC(C(=O)NC)C(C)(C)C
CTS-1027,C1COCCC1(CS(=O)(=O)C2=CC=C(C=C2)OC3=CC=C(C=C3)Cl)C(=O)NO
Abametapir,CC1=CN=C(C=C1)C2=NC=C(C=C2)C
Thiabendazole,C1=CC=C2C(=C1)NC(=N2)C3=CSC=N3
Tariquidar,COC1=C(C=C2CN(CCC2=C1)CCC3=CC=C(C=C3)NC(=O)C4=CC(=C(C=C4NC(=O)C5=CC6=CC=CC=C6N=C5)OC)OC)OC
Valspodar,CC=CCC(C)C(=O)C1C(=O)NC(C(=O)N(CC(=O)N(C(C(=O)NC(C(=O)N(C(C(=O)NC(C(=O)NC(C(=O)N(C(C(=O)N(C(C(=O)N(C(C(=O)N1C)C(C)C)C)CC(C)C)C)CC(C)C)C)C)C)CC(C)C)C)C(C)C)CC(C)C)C)C)C(C)C
HM-30181,COC1=C(C=C2CN(CCC2=C1)CCC3=CC=C(C=C3)N4N=C(N=N4)C5=CC(=C(C=C5NC(=O)C6=CC(=O)C7=CC=CC=C7O6)OC)OC)OC
Sulindac,CC1=C(C2=C(C1=CC3=CC=C(C=C3)S(=O)C)C=CC(=C2)F)CC(=O)O
Tigecycline,CC(C)(C)NCC(=O)NC1=CC(=C2CC3CC4C(C(=O)C(=C(C4(C(=O)C3=C(C2=C1O)O)O)O)C(=O)N)N(C)C)N(C)C
Terameprocol,CC(CC1=CC(=C(C=C1)OC)OC)C(C)CC2=CC(=C(C=C2)OC)OC
Mitotane,C1=CC=C(C(=C1)C(C2=CC=C(C=C2)Cl)C(Cl)Cl)Cl
Selinexor,C1=CN=C(C=N1)NNC(=O)C=CN2C=NC(=N2)C3=CC(=CC(=C3)C(F)(F)F)C(F)(F)F
Miconazole nitrate,C1=CC(=C(C=C1Cl)Cl)COC(CN2C=CN=C2)C3=C(C=C(C=C3)Cl)Cl.[N+](=O)(O)[O-]
Anastrozole,CC(C)(C#N)C1=CC(=CC(=C1)CN2C=NC=N2)C(C)(C)C#N
Exemestane,CC12CCC3C(C1CCC2=O)CC(=C)C4=CC(=O)C=CC34C
Reparixin,CC(C)CC1=CC=C(C=C1)C(C)C(=O)NS(=O)(=O)C
Danirixin,CC1=C(C=CC=C1F)NC(=O)NC2=C(C(=C(C=C2)Cl)S(=O)(=O)C3CCCNC3)O
Seviteronel,CC(C)C(C1=CC2=CC(=C(C=C2C=C1)OC(F)F)OC(F)F)(C3=NNN=C3)O
Olanzapine (LY-170053),CC1=CC2=C(S1)NC3=CC=CC=C3N=C2N4CCN(CC4)C
Isoniazid,C1=CN=CC=C1C(=O)NN
Methoxsalen,COC1=C2C(=CC3=C1OC=C3)C=CC(=O)O2
Taselisib (GDC-0032),CC1=NN(C(=N1)C2=CN3CCOC4=C(C3=N2)C=CC(=C4)C5=CN(N=C5)C(C)(C)C(=O)N)C(C)C
Ranolazine,CC1=C(C(=CC=C1)C)NC(=O)CN2CCN(CC2)CC(COC3=CC=CC=C3OC)O
Acetaminophen,CC(=O)NC1=CC=C(C=C1)O
Valdecoxib,CC1=C(C(=NO1)C2=CC=CC=C2)C3=CC=C(C=C3)S(=O)(=O)N
Parecoxib sodium,CCC(=O)[N-]S(=O)(=O)C1=CC=C(C=C1)C2=C(ON=C2C3=CC=CC=C3)C.[Na+]
ThioTEPA,C1CN1P(=S)(N2CC2)N3CC3
LGK-974,CC1=CC(=CN=C1C2=CC(=NC=C2)C)CC(=O)NC3=NC=C(C=C3)C4=NC=CN=C4
BMS-833923,CC1=C(C=C(C=C1)CNC)NC(=O)C2=CC=C(C=C2)NC3=NC4=CC=CC=C4C(=N3)C5=CC=CC=C5
Glasdegib,CN1CCC(CC1C2=NC3=CC=CC=C3N2)NC(=O)NC4=CC=C(C=C4)C#N
Patidegib,CC1CC2C(C(C3(O2)CCC4C5CCC6CC(CCC6(C5CC4=C(C3)C)C)NS(=O)(=O)C)C)NC1
TAK-441,CCC1=CC2=C(C(=C(N2C)C(=O)NC3CCN(CC3)C(=O)CO)OCC(F)(F)F)C(=O)N1CC(=O)C4=CC=CC=C4
Pomalidomide,C1CC(=O)NC(=O)C1N2C(=O)C3=C(C2=O)C(=CC=C3)N
Thalidomide,C1CC(=O)NC(=O)C1N2C(=O)C3=CC=CC=C3C2=O
Methylrosaniline chloride,CN(C)C1=CC=C(C=C1)C(=C2C=CC(=[N+](C)C)C=C2)C3=CC=C(C=C3)N(C)C.[Cl-]
Nirogacestat,CCCC(C(=O)NC1=CN(C=N1)C(C)(C)CNCC(C)(C)C)NC2CCC3=C(C2)C(=CC(=C3)F)F
Avagacestat,C1=CC(=CC=C1S(=O)(=O)N(CC2=C(C=C(C=C2)C3=NOC=N3)F)C(CCC(F)(F)F)C(=O)N)Cl
Semagacestat,CC(C)C(C(=O)NC(C)C(=O)NC1C2=CC=CC=C2CCN(C1=O)C)O
MK-8931,CC1(CS(=O)(=O)N(C(=N1)N)C)C2=C(C=CC(=C2)NC(=O)C3=NC=C(C=C3)F)F
PF-05175157,CC1=NC2=C(N1)C=C(C=C2)C(=O)N3CCC4(CC3)CC5=C(C(=O)C4)N(N=C5)C(C)C
Tolrestat,CN(CC(=O)O)C(=S)C1=CC=CC2=C1C=CC(=C2C(F)(F)F)OC
Epalrestat,CC(=CC1=CC=CC=C1)C=C2C(=O)N(C(=S)S2)CC(=O)O
PF-04457845,C1CN(CCC1=CC2=CC(=CC=C2)OC3=NC=C(C=C3)C(F)(F)F)C(=O)NC4=NN=CC=C4
JNJ-42165279,C1CN(CCN1CC2=CC3=C(C=C2)OC(O3)(F)F)C(=O)NC4=C(C=CN=C4)Cl
Pyrazinamide,C1=CN=C(C=N1)C(=O)N
Orlistat,CCCCCCCCCCCC(CC1C(C(=O)O1)CCCCCC)OC(=O)C(CC(C)C)NC=O
Riociguat,CN(C1=C(N=C(N=C1N)C2=NN(C3=C2C=CC=N3)CC4=CC=CC=C4F)N)C(=O)OC
LY-2608204,C1CCC(CC1)C2CC2(C3=CC=C(C=C3)S(=O)(=O)C4CC4)C(=O)NC5=NC=C(S5)SCCN6CCCC6
PF-04937319,CC1=CC2=C(O1)C=C(C=C2OC3=CN=C(N=C3)C(=O)N(C)C)C(=O)NC4=NC=C(N=C4)C
GSK-1292263A,CC(C)C1=NOC(=N1)N2CCC(CC2)COC3=CN=C(C=C3)C4=CC=C(C=C4)S(=O)(=O)C
CB-839,C1=CC=NC(=C1)CC(=O)NC2=NN=C(S2)CCCCC3=NN=C(C=C3)NC(=O)CC4=CC(=CC=C4)OC(F)(F)F
Mitapivat,C1CC1CN2CCN(CC2)C(=O)C3=CC=C(C=C3)NS(=O)(=O)C4=CC=CC5=C4N=CC=C5
Ataciguat,C1COCCN1S(=O)(=O)C2=CC=C(C=C2)NC(=O)C3=C(C=CC(=C3)Cl)NS(=O)(=O)C4=CC=C(S4)Cl
Lovastatin,CCC(C)C(=O)OC1CC(C=C2C1C(C(C=C2)C)CCC3CC(CC(=O)O3)O)C
Atorvastatin calcium,CC(C)C1=C(C(=C(N1CCC(CC(CC(=O)[O-])O)O)C2=CC=C(C=C2)F)C3=CC=CC=C3)C(=O)NC4=CC=CC=C4.CC(C)C1=C(C(=C(N1CCC(CC(CC(=O)[O-])O)O)C2=CC=C(C=C2)F)C3=CC=CC=C3)C(=O)NC4=CC=CC=C4.[Ca+2]
Pitavastatin calcium,C1CC1C2=NC3=CC=CC=C3C(=C2C=CC(CC(CC(=O)[O-])O)O)C4=CC=C(C=C4)F.C1CC1C2=NC3=CC=CC=C3C(=C2C=CC(CC(CC(=O)[O-])O)O)C4=CC=C(C=C4)F.[Ca+2]
Aspirin,CC(=O)OC1=CC=CC=C1C(=O)O
Chlorothiazide,C1=C2C(=CC(=C1Cl)S(=O)(=O)N)S(=O)(=O)N=CN2
Hydrochlorothiazide,C1NC2=CC(=C(C=C2S(=O)(=O)N1)S(=O)(=O)N)Cl
Ivosidenib,C1CC(=O)N(C1C(=O)N(C2=CC(=CN=C2)F)C(C3=CC=CC=C3Cl)C(=O)NC4CC(C4)(F)F)C5=NC=CC(=C5)C#N
BAY-1436032,CC1CC(CC(C1)(C)C)N2C3=C(C=C(C=C3)CCC(=O)O)N=C2NC4=CC=C(C=C4)OC(F)(F)F
AG-881,CC(C(F)(F)F)NC1=NC(=NC(=N1)C2=NC(=CC=C2)Cl)NC(C)C(F)(F)F
Indoximod,CN1C=C(C2=CC=CC=C21)CC(C(=O)O)N
Epacadostat,C1=CC(=C(C=C1N=C(C2=NON=C2NCCNS(=O)(=O)N)NO)Br)F
Ibiglustat,CC(C)(C1=CSC(=N1)C2=CC=C(C=C2)F)NC(=O)OC3CN4CCC3CC4
Mycophenolic acid,CC1=C2COC(=O)C2=C(C(=C1OC)CC=C(C)CCC(=O)O)O
Ribavirin,C1=NC(=NN1C2C(C(C(O2)CO)O)O)C(=O)N
Mizoribine,C1=NC(=C(N1C2C(C(C(O2)CO)O)O)O)C(=O)N
Mycophenolate mofetil,CC1=C2COC(=O)C2=C(C(=C1OC)CC=C(C)CCC(=O)OCCN3CCOCC3)O
AVN944,CCC(CC#N)OC(=O)NC(C)C1=CC(=CC=C1)NC(=O)NC2=CC(=C(C=C2)C3=CN=CO3)OC
Clotrimazole,C1=CC=C(C=C1)C(C2=CC=CC=C2)(C3=CC=CC=C3Cl)N4C=CN=C4
Voriconazole,CC(C1=NC=NC=C1F)C(CN2C=NC=N2)(C3=C(C=C(C=C3)F)F)O
Posaconazole,CCC(C(C)O)N1C(=O)N(C=N1)C2=CC=C(C=C2)N3CCN(CC3)C4=CC=C(C=C4)OCC5CC(OC5)(CN6C=NC=N6)C7=C(C=C(C=C7)F)F
Sivelestat,CC(C)(C)C(=O)OC1=CC=C(C=C1)S(=O)(=O)NC2=CC=CC=C2C(=O)NCC(=O)O
Zafirlukast,CC1=CC=CC=C1S(=O)(=O)NC(=O)C2=CC(=C(C=C2)CC3=CN(C4=C3C=C(C=C4)NC(=O)OC5CCCC5)C)OC
Pranlukast hydrate,C1=CC=C(C=C1)CCCCOC2=CC=C(C=C2)C(=O)NC3=CC=CC4=C3OC(=CC4=O)C5=NNN=N5
Anacetrapib,CC1C(OC(=O)N1CC2=C(C=CC(=C2)C(F)(F)F)C3=CC(=C(C=C3OC)F)C(C)C)C4=CC(=CC(=C4)C(F)(F)F)C(F)(F)F
Torcetrapib,CCC1CC(C2=C(N1C(=O)OCC)C=CC(=C2)C(F)(F)F)N(CC3=CC(=CC(=C3)C(F)(F)F)C(F)(F)F)C(=O)OC
Evacetrapib (LY2484595),CC1=CC(=C2C(=C1)C(CCCN2CC3CCC(CC3)C(=O)O)N(CC4=CC(=CC(=C4)C(F)(F)F)C(F)(F)F)C5=NN(N=N5)C)C
Melatonin,CC(=O)NCCC1=CNC2=C1C=C(C=C2)OC
GKT-137831,CN1C(=O)C=C2C(=C1C3=CC(=CC=C3)N(C)C)C(=O)N(N2)C4=CC=CC=C4Cl
Levetiracetam,CCC(C(=O)N)N1CCCC1=O
Omaveloxolone,CC1(CCC2(CCC3(C(C2C1)C(=O)C=C4C3(CCC5C4(C=C(C(=O)C5(C)C)C#N)C)C)C)NC(=O)C(C)(F)F)C
Lemborexant,CC1=NC(=NC=C1OCC2(CC2C(=O)NC3=NC=C(C=C3)F)C4=CC(=CC=C4)F)C
Gemfibrozil,CC1=CC(=C(C=C1)C)OCCCC(C)(C)C(=O)O
Ciprofibrate,CC(C)(C(=O)O)OC1=CC=C(C=C1)C2CC2(Cl)Cl
Clofibrate,CCOC(=O)C(C)(C)OC1=CC=C(C=C1)Cl
Fenofibrate,CC(C)OC(=O)C(C)(C)OC1=CC=C(C=C1)C(=O)C2=CC=C(C=C2)Cl
Elafibranor,CC1=CC(=CC(=C1OC(C)(C)C(=O)O)C)C=CC(=O)C2=CC=C(C=C2)SC
Pemafibrate,CCC(C(=O)O)OC1=CC=CC(=C1)CN(CCCOC2=CC=C(C=C2)OC)C3=NC4=CC=CC=C4O3
Pradigastat,C1CC(CCC1CC(=O)O)C2=CC=C(C=C2)C3=NC=C(C=C3)NC4=CN=C(C=C4)C(F)(F)F
Tiagabine hydrochloride,CC1=C(SC=C1)C(=CCCN2CCCC(C2)C(=O)O)C3=C(C=CS3)C.Cl
GSK-2256294A,CC1=NC(=NC(=N1)NC2CCCC(C2)C(=O)NCC3=C(C=C(C=C3)C#N)C(F)(F)F)NC
Cinaciguat,C1=CC=C(C=C1)CCC2=CC=C(C=C2)COC3=CC=CC=C3CCN(CCCCC(=O)O)CC4=CC=C(C=C4)C(=O)O
Tetrabenazine,CC(C)CC1CN2CCC3=CC(=C(C=C3C2CC1=O)OC)OC
PX-12,CCC(C)SSC1=NC=CN1
Deferasirox,C1=CC=C(C(=C1)C2=NN(C(=N2)C3=CC=CC=C3O)C4=CC=C(C=C4)C(=O)O)O
Penicillamine,CC(C)(C(C(=O)O)N)S
Molidustat,C1COCCN1C2=NC=NC(=C2)N3C(=O)C(=CN3)N4C=CN=N4
Roxadustat,CC1=C2C=C(C=CC2=C(C(=N1)C(=O)NCC(=O)O)O)OC3=CC=CC=C3
Daprodustat,C1CCC(CC1)N2C(=O)C(C(=O)N(C2=O)C3CCCCC3)C(=O)NCC(=O)O
Vadadustat,C1=CC(=CC(=C1)Cl)C2=CC(=C(N=C2)C(=O)NCC(=O)O)O
Dyphylline,CN1C2=C(C(=O)N(C1=O)C)N(C=N2)CC(CO)O
Allopurinol,C1=NNC2=C1C(=O)NC=N2
Febuxostat,CC1=C(SC(=N1)C2=CC(=C(C=C2)OCC(C)C)C#N)C(=O)O
Deferoxamine mesylate,CC(=O)N(CCCCCNC(=O)CCC(=O)N(CCCCCNC(=O)CCC(=O)N(CCCCCN)O)O)O.CS(=O)(=O)O
Vidofludimus,COC1=CC=CC(=C1)C2=CC(=C(C=C2)NC(=O)C3=C(CCC3)C(=O)O)F
Brequinar,CC1=C(C2=C(C=CC(=C2)F)N=C1C3=CC=C(C=C3)C4=CC=CC=C4F)C(=O)O
Sulfadoxine,COC1=C(N=CN=C1OC)NS(=O)(=O)C2=CC=C(C=C2)N
Gimeracil,C1=C(C(=CNC1=O)Cl)O
Linagliptin,CC#CCN1C2=C(N=C1N3CCCC(C3)N)N(C(=O)N(C2=O)CC4=NC5=CC=CC=C5C(=N4)C)C
APR-246,COCC1(C(=O)C2CCN1CC2)CO
Elagolix,CC1=C(C(=O)N(C(=O)N1CC2=C(C=CC=C2F)C(F)(F)F)CC(C3=CC=CC=C3)NCCCC(=O)O)C4=C(C(=CC=C4)OC)F
Relugolix,CN(C)CC1=C(SC2=C1C(=O)N(C(=O)N2CC3=C(C=CC=C3F)F)C4=NN=C(C=C4)OC)C5=CC=C(C=C5)NC(=O)NOC
Dronedarone hydrochloride,CCCCC1=C(C2=C(O1)C=CC(=C2)NS(=O)(=O)C)C(=O)C3=CC=C(C=C3)OCCCN(CCCC)CCCC.Cl
Epinephrine,CNCC(C1=CC(=C(C=C1)O)O)O
Phenylephrine hydrochloride,CNCC(C1=CC(=CC=C1)O)O.Cl
Naftopidil,COC1=CC=CC=C1N2CCN(CC2)CC(COC3=CC=CC4=CC=CC=C43)O
Oxymetazoline hydrochloride,CC1=CC(=C(C(=C1CC2=NCCN2)C)O)C(C)(C)C.Cl
Tizanidine hydrochloride,C1CN=C(N1)NC2=C(C=CC3=NSN=C32)Cl.Cl
Phentolamine mesilate,CC1=CC=C(C=C1)N(CC2=NCCN2)C3=CC(=CC=C3)O.CS(=O)(=O)O
Miglitol,C1C(C(C(C(N1CCO)CO)O)O)O
Avacopan,CC1=C(C(=CC=C1)F)C(=O)N2CCCC(C2C3=CC=C(C=C3)NC4CCCC4)C(=O)NC5=CC(=C(C=C5)C)C(F)(F)F
Ampanel,CC1CC2=CC3=C(C=C2C(=NN1C(=O)C)C4=CC=C(C=C4)N)OCO3
Etrasimod,C1CCC(C1)C2=C(C=C(C=C2)COC3=CC4=C(C=C3)NC5=C4CCC5CC(=O)O)C(F)(F)F
MK-0557,C1CC2(CCC1C(=O)NC3=NN(C=C3)C4=CC=CC=C4F)C5=C(C=CN=C5)C(=O)O2
Sertraline hydrochloride,CNC1CCC(C2=CC=CC=C12)C3=CC(=C(C=C3)Cl)Cl.Cl
Varespladib,CCC1=C(C2=C(N1CC3=CC=CC=C3)C=CC=C2OCC(=O)O)C(=O)C(=O)N
Darolutamide (ODM-201),CC(CN1C=CC(=N1)C2=CC(=C(C=C2)C#N)Cl)NC(=O)C3=NNC(=C3)C(C)O
Orteronel,CNC(=O)C1=CC2=C(C=C1)C=C(C=C2)C3(CCN4C3=CN=C4)O
Testosterone cypionate,CC12CCC3C(C1CCC2OC(=O)CCC4CCCC4)CCC5=CC(=O)CCC35C
Cyproterone acetate,CC(=O)C1(CCC2C1(CCC3C2C=C(C4=CC(=O)C5CC5C34C)Cl)C)OC(=O)C
Finasteride,CC12CCC3C(C1CCC2C(=O)NC(C)(C)C)CCC4C3(C=CC(=O)N4)C
17 alpha-propionate,CCC(=O)OC1(CCC2C1(CCC3C2CCC4=CC(=O)CCC34C)C)C(=O)CO
Flutamide,CC(C)C(=O)NC1=CC(=C(C=C1)[N+](=O)[O-])C(F)(F)F
Nilutamide,CC1(C(=O)N(C(=O)N1)C2=CC(=C(C=C2)[N+](=O)[O-])C(F)(F)F)C
Apalutamide,CNC(=O)C1=C(C=C(C=C1)N2C(=S)N(C(=O)C23CCC3)C4=CC(=C(N=C4)C#N)C(F)(F)F)F
AZD-3514,CC(=O)N1CCN(CC1)CCOC2=CC=C(C=C2)C3CCN(CC3)C4=NN5C(=NN=C5C(F)(F)F)CC4
Prinaberel,C=CC1=C2C(=CC(=C1)O)N=C(O2)C3=CC(=C(C=C3)O)F
Ostarine,CC(COC1=CC=C(C=C1)C#N)(C(=O)NC2=CC(=C(C=C2)C#N)C(F)(F)F)O
Galeterone,CC12CCC(CC1=CCC3C2CCC4(C3CC=C4N5C=NC6=CC=CC=C65)C)O
Brilanestrant,CCC(=C(C1=CC=C(C=C1)C=CC(=O)O)C2=CC3=C(C=C2)NN=C3)C4=C(C=C(C=C4)F)Cl
Toremifene citrate,CN(C)CCOC1=CC=C(C=C1)C(=C(CCCl)C2=CC=CC=C2)C3=CC=CC=C3.C(C(=O)O)C(CC(=O)O)(C(=O)O)O
Elacestrant,CCNCCC1=CC=C(C=C1)CN(CC)C2=C(C=CC(=C2)OC)C3CCC4=C(C3)C=CC(=C4)O
Acolbifene,CC1=C(C(OC2=C1C=CC(=C2)O)C3=CC=C(C=C3)OCCN4CCCCC4)C5=CC=C(C=C5)O
Ospemifene,C1=CC=C(C=C1)C(=C(C2=CC=CC=C2)C3=CC=C(C=C3)OCCO)CCCl
Estetrol,CC12CCC3C(C1C(C(C2O)O)O)CCC4=C3C=CC(=C4)O
Dienestrol,CC=C(C1=CC=C(C=C1)O)C(=CC)C2=CC=C(C=C2)O
Diethylstilbestrol,CCC(=C(CC)C1=CC=C(C=C1)O)C2=CC=C(C=C2)O
Ethinylestradiol,CC12CCC3C(C1CCC2(C#C)O)CCC4=C3C=CC(=C4)O
Estradiol,CC12CCC3C(C1CCC2O)CCC4=C3C=CC(=C4)O
Mestranol,CC12CCC3C(C1CCC2(C#C)O)CCC4=C3C=CC(=C4)OC
Estriol,CC12CCC3C(C1CC(C2O)O)CCC4=C3C=CC(=C4)O
Erteberel,C1CC2C(C1)C3=C(C=CC(=C3)O)OC2C4=CC=C(C=C4)O
Trilostane,CC12CCC3C(C1CCC2O)CCC45C3(CC(=C(C4O5)O)C#N)C
Fulvestrant,CC12CCC3C(C1CCC2O)C(CC4=C3C=CC(=C4)O)CCCCCCCCCS(=O)CCCC(C(F)(F)F)(F)F
Chenodeoxycholic acid,CC(CCC(=O)O)C1CCC2C1(CCC3C2C(CC4C3(CCC(C4)O)C)O)C
Zoledronic acid monohydrate,C1=CN(C=N1)CC(O)(P(=O)(O)O)P(=O)(O)O.O
Lonafarnib,C1CN(CCC1CC(=O)N2CCC(CC2)C3C4=C(CCC5=C3N=CC(=C5)Br)C=C(C=C4Br)Cl)C(=O)N
Ramelteon,CCC(=O)NCCC1CCC2=C1C3=C(C=C2)OCC3
Alvimopan,CC1CN(CCC1(C)C2=CC(=CC=C2)O)CC(CC3=CC=CC=C3)C(=O)NCC(=O)O
Loperamide hydrochloride,CN(C)C(=O)C(CCN1CCC(CC1)(C2=CC=C(C=C2)Cl)O)(C3=CC=CC=C3)C4=CC=CC=C4.Cl
Naltrexone hydrochloride,C1CC1CN2CCC34C5C(=O)CCC3(C2CC6=C4C(=C(C=C6)O)O5)O.Cl
Gallamine triethiodide,CC[N+](CC)(CC)CCOC1=C(C(=CC=C1)OCC[N+](CC)(CC)CC)OCC[N+](CC)(CC)CC.[I-].[I-].[I-]
Amiodarone hydrochloride,CCCCC1=C(C2=CC=CC=C2O1)C(=O)C3=CC(=C(C(=C3)I)OCCN(CC)CC)I.Cl
Bethanechol chloride,CC(C[N+](C)(C)C)OC(=O)N.[Cl-]
Ticlopidine hydrochloride,C1CN(CC2=C1SC=C2)CC3=CC=CC=C3Cl.Cl
Clopidogrel bisulfate,COC(=O)C(C1=CC=CC=C1Cl)N2CCC3=C(C2)C=CS3.OS(=O)(=O)O
Rifaximin,CC1C=CC=C(C(=O)NC2=C(C3=C(C4=C(C(=C3O)C)OC(C4=O)(OC=CC(C(C(C(C(C(C1O)C)O)C)OC(=O)C)C)OC)C)C5=C2N6C=CC(=CC6=N5)C)O)C
Imiquimod,CC(C)CN1C=NC2=C1C3=CC=CC=C3N=C2N
Resiquimod,CCOCC1=NC2=C(N1CC(C)(C)O)C3=CC=CC=C3N=C2N
Vesatolimod,CCCCOC1=NC(=C2C(=N1)N(CC(=O)N2)CC3=CC=CC(=C3)CN4CCCC4)N
Motolimod,CCCN(CCC)C(=O)C1=CC2=C(C=C(C=C2)C3=CC=C(C=C3)C(=O)N4CCCC4)N=C(C1)N
Resatorvid,CCOC(=O)C1=CCCCC1S(=O)(=O)NC2=C(C=C(C=C2)F)Cl
SB-705498,C1CN(CC1NC(=O)NC2=CC=CC=C2Br)C3=NC=C(C=C3)C(F)(F)F
Propofol,CC(C)C1=C(C(=CC=C1)C(C)C)O
Istradefylline,CCN1C2=C(C(=O)N(C1=O)CC)N(C(=N2)C=CC3=CC(=C(C=C3)OC)OC)C
CVT-6883,CCCN1C(=O)C2=C(N=C(N2)C3=CN(N=C3)CC4=CC(=CC=C4)C(F)(F)F)N(C1=O)CC
Preladenant,COCCOC1=CC=C(C=C1)N2CCN(CC2)CCN3C4=C(C=N3)C5=NC(=NN5C(=N4)N)C6=CC=CO6
CPI-444,CC1=CC=C(O1)C2=C3C(=NC(=N2)N)N(N=N3)CC4=NC(=CC=C4)COC5CCOC5
Namodenoson,CNC(=O)C1C(C(C(O1)N2C=NC3=C(N=C(N=C32)Cl)NCC4=CC(=CC=C4)I)O)O
Adenosine,C1=NC(=C2C(=N1)N(C=N2)C3C(C(C(O3)CO)O)O)N
Theophyllamine,CN1C2=C(C(=O)N(C1=O)C)NC=N2.CN1C2=C(C(=O)N(C1=O)C)NC=N2.C(CN)N
Phenoxybenzamine hydrochloride,CC(COC1=CC=CC=C1)N(CCCl)CC2=CC=CC=C2.Cl
Fluticasone furoate,CC1CC2C3CC(C4=CC(=O)C=CC4(C3(C(CC2(C1(C(=O)SCF)OC(=O)C5=CC=CO5)C)O)F)C)F
Ciclesonide,CC(C)C(=O)OCC(=O)C12C(CC3C1(CC(C4C3CCC5=CC(=O)C=CC45C)O)C)OC(O2)C6CCCCC6
Cortisone acetate,CC(=O)OCC(=O)C1(CCC2C1(CC(=O)C3C2CCC4=CC(=O)CCC34C)C)O
Fluocinolone acetonide,CC1(OC2CC3C4CC(C5=CC(=O)C=CC5(C4(C(CC3(C2(O1)C(=O)CO)C)O)F)C)F)C
Prednisolone acetate,CC(=O)OCC(=O)C1(CCC2C1(CC(C3C2CCC4=CC(=O)C=CC34C)O)C)O
Fluocinonide,CC(=O)OCC(=O)C12C(CC3C1(CC(C4(C3CC(C5=CC(=O)C=CC54C)F)F)O)C)OC(O2)(C)C
Methylprednisolone,CC1CC2C3CCC(C3(CC(C2C4(C1=CC(=O)C=C4)C)O)C)(C(=O)CO)O
Triamcinolone acetonide,CC1(OC2CC3C4CCC5=CC(=O)C=CC5(C4(C(CC3(C2(O1)C(=O)CO)C)O)F)C)C
Prednisone,CC12CC(=O)C3C(C1CCC2(C(=O)CO)O)CCC4=CC(=O)C=CC34C
Betamethasone dipropionate,CCC(=O)OCC(=O)C1(C(CC2C1(CC(C3(C2CCC4=CC(=O)C=CC43C)F)O)C)C)OC(=O)CC
Budesonide,CCCC1OC2CC3C4CCC5=CC(=O)C=CC5(C4C(CC3(C2(O1)C(=O)CO)C)O)C
BETAMETHASONE,CC1CC2C3CCC4=CC(=O)C=CC4(C3(C(CC2(C1(C(=O)CO)O)C)O)F)C
Hyodeoxycholic acid,CC(CCC(=O)O)C1CCC2C1(CCC3C2CC(C4C3(CCC(C4)O)C)O)C
Prednisolone,CC12CC(C3C(C1CCC2(C(=O)CO)O)CCC4=CC(=O)C=CC34C)O
Meprednisone,CC1CC2C3CCC4=CC(=O)C=CC4(C3C(=O)CC2(C1(C(=O)CO)O)C)C
Betamethasone valerate,CCCCC(=O)OC1(C(CC2C1(CC(C3(C2CCC4=CC(=O)C=CC43C)F)O)C)C)C(=O)CO
Clobetasol propionate,CCC(=O)OC1(C(CC2C1(CC(C3(C2CCC4=CC(=O)C=CC43C)F)O)C)C)C(=O)CCl
FLUNISOLIDE,CC1(OC2CC3C4CC(C5=CC(=O)C=CC5(C4C(CC3(C2(O1)C(=O)CO)C)O)C)F)C
Loteprednol etabonate,CCOC(=O)OC1(CCC2C1(CC(C3C2CCC4=CC(=O)C=CC34C)O)C)C(=O)OCCl
Fluticasone propionate,CCC(=O)OC1(C(CC2C1(CC(C3(C2CC(C4=CC(=O)C=CC43C)F)F)O)C)C)C(=O)SCF
Mometasone furoate,CC1CC2C3CCC4=CC(=O)C=CC4(C3(C(CC2(C1(C(=O)CCl)OC(=O)C5=CC=CO5)C)O)Cl)C
Deflazacort,CC1=NC2(C(O1)CC3C2(CC(C4C3CCC5=CC(=O)C=CC45C)O)C)C(=O)COC(=O)C
Desonide,CC1(OC2CC3C4CCC5=CC(=O)C=CC5(C4C(CC3(C2(O1)C(=O)CO)C)O)C)C
Medroxyprogesterone acetate,CC1CC2C(CCC3(C2CCC3(C(=O)C)OC(=O)C)C)C4(C1=CC(=O)CC4)C
Megestrol acetate,CC1=CC2C(CCC3(C2CCC3(C(=O)C)OC(=O)C)C)C4(C1=CC(=O)CC4)C
Progesterone,CC(=O)C1CCC2C1(CCC3C2CCC4=CC(=O)CCC34C)C
Levonorgestrel,CCC12CCC3C(C1CCC2(C#C)O)CCC4=CC(=O)CCC34
Gestodene,CCC12CCC3C(C1C=CC2(C#C)O)CCC4=CC(=O)CCC34
Digoxin,CC1C(C(CC(O1)OC2C(OC(CC2O)OC3C(OC(CC3O)OC4CCC5(C(C4)CCC6C5CC(C7(C6(CCC7C8=CC(=O)OC8)O)C)O)C)C)C)O)O
Ursodiol,CC(CCC(=O)O)C1CCC2C1(CCC3C2C(CC4C3(CCC(C4)O)C)O)C
Dutasteride,CC12CCC3C(C1CCC2C(=O)NC4=C(C=CC(=C4)C(F)(F)F)C(F)(F)F)CCC5C3(C=CC(=O)N5)C
Estrone,CC12CCC3C(C1CCC2=O)CCC4=C3C=CC(=C4)O
Nandrolone phenylpropionate,CC12CCC3C(C1CCC2OC(=O)CCC4=CC=CC=C4)CCC5=CC(=O)CCC35
Pancuronium bromide,CC(=O)OC1CC2CCC3C(C2(CC1[N+]4(CCCCC4)C)C)CCC5(C3CC(C5OC(=O)C)[N+]6(CCCCC6)C)C.[Br-].[Br-]
Rocuronium bromide,CC(=O)OC1C(CC2C1(CCC3C2CCC4C3(CC(C(C4)O)N5CCOCC5)C)C)[N+]6(CCCC6)CC=C.[Br-]
Vecuronium bromide,CC(=O)OC1CC2CCC3C(C2(CC1N4CCCCC4)C)CCC5(C3CC(C5OC(=O)C)[N+]6(CCCCC6)C)C.[Br-]
Drospirenone,CC12CCC(=O)C=C1C3CC3C4C2CCC5(C4C6CC6C57CCC(=O)O7)C
Oxandrolone,CC12CCC3C(C1CCC2(C)O)CCC4C3(COC(=O)C4)C
Stanozolol,CC12CCC3C(C1CCC2(C)O)CCC4C3(CC5=C(C4)NN=C5)C
Etoricoxib,CC1=NC=C(C=C1)C2=C(C=C(C=N2)Cl)C3=CC=C(C=C3)S(=O)(=O)C
Piroxicam,CN1C(=C(C2=CC=CC=C2S1(=O)=O)O)C(=O)NC3=CC=CC=N3
Naproxen sodium,CC(C1=CC2=C(C=C1)C=C(C=C2)OC)C(=O)[O-].[Na+]
Meloxicam,CC1=CN=C(S1)NC(=O)C2=C(C3=CC=CC=C3S(=O)(=O)N2C)O
Diclofenac sodium,C1=CC=C(C(=C1)CC(=O)[O-])NC2=C(C=CC=C2Cl)Cl.[Na+]
Rofecoxib,CS(=O)(=O)C1=CC=C(C=C1)C2=C(C(=O)OC2)C3=CC=CC=C3
Alprostadil,CCCCCC(C=CC1C(CC(=O)C1CCCCCCC(=O)O)O)O
Prostaglandin E2,CCCCCC(C=CC1C(CC(=O)C1CC=CCCCC(=O)O)O)O
Bimatoprost,CCNC(=O)CCCC=CCC1C(CC(C1C=CC(CCC2=CC=CC=C2)O)O)O
Ramatroban,C1CC2=C(CC1NS(=O)(=O)C3=CC=C(C=C3)F)C4=CC=CC=C4N2CCC(=O)O
Laropiprant,CS(=O)(=O)C1=CC(=CC2=C1N(C3=C2CCC3CC(=O)O)CC4=CC=C(C=C4)Cl)F
Indomethacin,CC1=C(C2=C(N1C(=O)C3=CC=C(C=C3)Cl)C=CC(=C2)OC)CC(=O)O
Streptomycin (sulfate),CC1C(C(C(O1)OC2C(C(C(C(C2O)O)N=C(N)N)O)N=C(N)N)OC3C(C(C(C(O3)CO)O)O)NC)(C=O)O.CC1C(C(C(O1)OC2C(C(C(C(C2O)O)N=C(N)N)O)N=C(N)N)OC3C(C(C(C(O3)CO)O)O)NC)(C=O)O.OS(=O)(=O)O.OS(=O)(=O)O.OS(=O)(=O)O
Tetracycline hydrochloride,CC1(C2CC3C(C(=O)C(=C(C3(C(=O)C2=C(C4=C1C=CC=C4O)O)O)O)C(=O)N)N(C)C)O.Cl
Tobramycin,C1C(C(C(C(C1N)OC2C(C(C(C(O2)CO)O)N)O)O)OC3C(CC(C(O3)CN)O)N)N
Nitisinone,C1CC(=O)C(C(=O)C1)C(=O)C2=C(C=C(C=C2)C(F)(F)F)[N+](=O)[O-]
Azithromycin,CCC1C(C(C(N(CC(CC(C(C(C(C(C(=O)O1)C)OC2CC(C(C(O2)C)O)(C)OC)C)OC3C(C(CC(O3)C)N(C)C)O)(C)O)C)C)C)O)(C)O
Linezolid,CC(=O)NCC1CN(C(=O)O1)C2=CC(=C(C=C2)N3CCOCC3)F
Masoprocol,CC(CC1=CC(=C(C=C1)O)O)C(C)CC2=CC(=C(C=C2)O)O
Tacrine hydrochloride,C1CCC2=NC3=CC=CC=C3C(=C2C1)N.Cl
Acitretin,CC1=CC(=C(C(=C1C=CC(=CC=CC(=CC(=O)O)C)C)C)C)OC
Isotretinoin,CC1=C(C(CCC1)(C)C)C=CC(=CC=CC(=CC(=O)O)C)C
Tazarotene,CCOC(=O)C1=CN=C(C=C1)C#CC2=CC3=C(C=C2)SCCC3(C)C
Tamibarotene,CC1(CCC(C2=C1C=CC(=C2)NC(=O)C3=CC=C(C=C3)C(=O)O)(C)C)C
Tretinoin,CC1=C(C(CCC1)(C)C)C=CC(=CC=CC(=CC(=O)O)C)C
Bexarotene,CC1=CC2=C(C=C1C(=C)C3=CC=C(C=C3)C(=O)O)C(CCC2(C)C)(C)C
AGN-194204,CC(=CC(=O)O)C=CC1CC1(C)C2=CC3=C(C=C2)C(CCC3(C)C)(C)C
Adapalene,COC1=C(C=C(C=C1)C2=CC3=C(C=C2)C=C(C=C3)C(=O)O)C45CC6CC(C4)CC(C6)C5
Calcitriol,CC(CCCC(C)(C)O)C1CCC2C1(CCCC2=CC=C3CC(CC(C3=C)O)O)C
Paricalcitol-D6 (ABT-358),CC(C=CC(C)C(C)(C)O)C1CCC2C1(CCCC2=CC=C3CC(CC(C3)O)O)C
Calcitriol (Ro-21-5535),CC(CCCC(C)(C)O)C1CCC2C1(CCCC2=CC=C3CC(CC(C3=C)O)O)C
Warfarin sodium,CC(=O)CC(C1=CC=CC=C1)C2=C(C3=CC=CC=C3OC2=O)[O-].[Na+]
Cilostazol,C1CCC(CC1)N2C(=NN=N2)CCCCOC3=CC4=C(C=C3)NC(=O)CC4
AN-2728,B1(C2=C(CO1)C=C(C=C2)OC3=CC=C(C=C3)C#N)O
Roflumilast,C1CC1COC2=C(C=CC(=C2)C(=O)NC3=C(C=NC=C3Cl)Cl)OC(F)F
GSK-256066,CC1=CC(=CC2=C(C(=CN=C12)C(=O)N)NC3=CC(=CC=C3)OC)S(=O)(=O)C4=CC=CC(=C4)C(=O)N(C)C
Rolipram,COC1=C(C=C(C=C1)C2CC(=O)NC2)OC3CCCC3
MP-10,CN1C=C(C(=N1)C2=CC=C(C=C2)OCC3=NC4=CC=CC=C4C=C3)C5=CC=NC=C5
Dipyridamole,C1CCN(CC1)C2=NC(=NC3=C2N=C(N=C3N4CCCCC4)N(CCO)CCO)N(CCO)CCO
Tadalafil,CN1CC(=O)N2C(C1=O)CC3=C(C2C4=CC5=C(C=C4)OCO5)NC6=CC=CC=C36
Ezutromid,CCS(=O)(=O)C1=CC2=C(C=C1)OC(=N2)C3=CC4=CC=CC=C4C=C3
Trichlormethiazide,C1=C2C(=CC(=C1Cl)S(=O)(=O)N)S(=O)(=O)NC(N2)C(Cl)Cl
Rifampicin,CC1C=CC=C(C(=O)NC2=C(C(=C3C(=C2O)C(=C(C4=C3C(=O)C(O4)(OC=CC(C(C(C(C(C(C1O)C)O)C)OC(=O)C)C)OC)C)C)O)O)C=NN5CCN(CC5)C)C
Rifapentine,CC1C=CC=C(C(=O)NC2=C(C(=C3C(=C2O)C(=C(C4=C3C(=O)C(O4)(OC=CC(C(C(C(C(C(C1O)C)O)C)OC(=O)C)C)OC)C)C)O)O)C=NN5CCN(CC5)C6CCCC6)C
Mavacamten,CC(C)N1C(=O)C=C(NC1=O)NC(C)C2=CC=CC=C2
Caffeine,CN1C=NC2=C1C(=O)N(C(=O)N2C)C
Lumacaftor,CC1=C(N=C(C=C1)NC(=O)C2(CC2)C3=CC4=C(C=C3)OC(O4)(F)F)C5=CC(=CC=C5)C(=O)O
PTC-124,C1=CC=C(C(=C1)C2=NC(=NO2)C3=CC(=CC=C3)C(=O)O)F
Ethionamide,CCC1=NC=CC(=C1)C(=S)N
Cefoperazone (sodium salt),CCN1CCN(C(=O)C1=O)C(=O)NC(C2=CC=C(C=C2)O)C(=O)NC3C4N(C3=O)C(=C(CS4)CSC5=NN=NN5C)C(=O)[O-].[Na+]
Tolcapone,CC1=CC=C(C=C1)C(=O)C2=CC(=C(C(=C2)O)O)[N+](=O)[O-]
Proglumide,CCCN(CCC)C(=O)C(CCC(=O)O)NC(=O)C1=CC=CC=C1
MK-3207,C1CCC2(C1)C(=O)N(C(CN2)C3=CC(=CC(=C3)F)F)CC(=O)NC4=CC5=C(CC6(C5)C7=C(NC6=O)N=CC=C7)C=C4
Gabapentin,C1CCC(CC1)(CC(=O)O)CN
Cinacalcet hydrochloride,CC(C1=CC=CC2=CC=CC=C21)NCCCC3=CC(=CC=C3)C(F)(F)F.Cl
Rimonabant,CC1=C(N(N=C1C(=O)NN2CCCCC2)C3=C(C=C(C=C3)Cl)Cl)C4=CC=C(C=C4)Cl
Otenabant,CCNC1(CCN(CC1)C2=NC=NC3=C2N=C(N3C4=CC=C(C=C4)Cl)C5=CC=CC=C5Cl)C(=O)N
842166X,C1COCCC1CNC(=O)C2=CN=C(N=C2C(F)(F)F)NC3=C(C=C(C=C3)Cl)Cl
Cannabidiol,CCCCCC1=CC(=C(C(=C1)O)C2C=C(CCC2C(=C)C)C)O
Doripenem,CC1C2C(C(=O)N2C(=C1SC3CC(NC3)CNS(=O)(=O)N)C(=O)O)C(C)O
Diclofenamide,C1=C(C=C(C(=C1S(=O)(=O)N)Cl)Cl)S(=O)(=O)N
Dorzolamide hydrochloride,CCNC1CC(S(=O)(=O)C2=C1C=C(S2)S(=O)(=O)N)C.Cl
Sulfanilamide,C1=CC(=CC=C1N)S(=O)(=O)N
Irosustat (STX-64),C1CCC2=C(CC1)C(=O)OC3=C2C=CC(=C3)OS(=O)(=O)N
Indapamide,CC1CC2=CC=CC=C2N1NC(=O)C3=CC(=C(C=C3)Cl)S(=O)(=O)N
Metolazone,CC1NC2=CC(=C(C=C2C(=O)N1C3=CC=CC=C3C)S(=O)(=O)N)Cl
Omecamtiv mecarbil,CC1=NC=C(C=C1)NC(=O)NC2=CC=CC(=C2F)CN3CCN(CC3)C(=O)OC
Telotristat Etiprate (LX 1606 Hippurate),CCOC(=O)C(CC1=CC=C(C=C1)C2=CC(=NC(=N2)N)OC(C3=C(C=C(C=C3)Cl)N4C=CC(=N4)C)C(F)(F)F)N.C1=CC=C(C=C1)C(=O)NCC(=O)O
Aripiprazole,C1CC(=O)NC2=C1C=CC(=C2)OCCCCN3CCN(CC3)C4=C(C(=CC=C4)Cl)Cl
Brintellix,CC1=CC(=C(C=C1)SC2=CC=CC=C2N3CCNCC3)C.Br
Cyclobenzaprine hydrochloride,CN(C)CCC=C1C2=CC=CC=C2C=CC3=CC=CC=C31.Cl
Mirtazapine,CN1CCN2C(C1)C3=CC=CC=C3CC4=C2N=CC=C4
Agomelatine,CC(=O)NCCC1=CC=CC2=C1C=C(C=C2)OC
Prucalopride,COCCCN1CCC(CC1)NC(=O)C2=CC(=C(C3=C2OCC3)N)Cl
Tegaserod maleate,CCCCCN=C(N)NN=CC1=CNC2=C1C=C(C=C2)OC.C(=CC(=O)O)C(=O)O
Balsalazide disodium,C1=CC(=CC=C1C(=O)NCCC(=O)[O-])N=NC2=CC(=C(C=C2)[O-])C(=O)O.[Na+].[Na+]
Sulfamethizole,CC1=NN=C(S1)NS(=O)(=O)C2=CC=C(C=C2)N
Clindamycin,CCCC1CC(N(C1)C)C(=O)NC(C2C(C(C(C(O2)SC)O)O)O)C(C)Cl.Cl
Prulifloxacin,CC1N2C3=CC(=C(C=C3C(=O)C(=C2S1)C(=O)O)F)N4CCN(CC4)CC5=C(OC(=O)O5)C
Pefloxacin,CCN1C=C(C(=O)C2=CC(=C(C=C21)N3CCN(CC3)C)F)C(=O)O
Clindamycin palmitate,CCCCCCCCCCCCCCCC(=O)OC1C(C(C(OC1SC)C(C(C)Cl)NC(=O)C2CC(CN2C)CCC)O)O.Cl
Ofloxacin,CC1COC2=C3N1C=C(C(=O)C3=CC(=C2N4CCN(CC4)C)F)C(=O)O
Primidone,CCC1(C(=O)NCNC1=O)C2=CC=CC=C2
Econazole nitrate,C1=CC(=CC=C1COC(CN2C=CN=C2)C3=C(C=C(C=C3)Cl)Cl)Cl.[N+](=O)(O)[O-]
Fluconazole,C1=CC(=C(C=C1F)F)C(CN2C=NC=N2)(CN3C=NC=N3)O
Tioconazole,C1=CC(=C(C=C1Cl)Cl)C(CN2C=CN=C2)OCC3=C(SC=C3)Cl
Butoconazole nitrate,C1=CC(=C(C(=C1)Cl)SC(CCC2=CC=C(C=C2)Cl)CN3C=CN=C3)Cl.[N+](=O)(O)[O-]
Natamycin,CC1CC=CC=CC=CC=CC(CC2C(C(CC(O2)(CC(CC3C(O3)C=CC(=O)O1)O)O)O)C(=O)O)OC4C(C(C(C(O4)C)O)N)O
Vidarabine,C1=NC(=C2C(=N1)N(C=N2)C3C(C(C(O3)CO)O)O)N
Docosanol,CCCCCCCCCCCCCCCCCCCCCCO
Idoxuridine,C1C(C(OC1N2C=C(C(=O)NC2=O)I)CO)O
Arbidol,CCOC(=O)C1=C(N(C2=CC(=C(C(=C21)CN(C)C)O)Br)C)CSC3=CC=CC=C3
Artemether,CC1CCC2C(C(OC3C24C1CCC(O3)(OO4)C)OC)C
Lumefantrine,CCCCN(CCCC)CC(C1=CC(=CC2=C1C3=C(C2=CC4=CC=C(C=C4)Cl)C=C(C=C3)Cl)Cl)O
Piperaquine,C1CN(CCN1CCCN2CCN(CC2)C3=C4C=CC(=CC4=NC=C3)Cl)C5=C6C=CC(=CC6=NC=C5)Cl
Praziquantel,C1CCC(CC1)C(=O)N2CC3C4=CC=CC=C4CCN3C(=O)C2
Fenbendazole,COC(=O)NC1=NC2=C(N1)C=C(C=C2)SC3=CC=CC=C3
Oxfendazole,COC(=O)NC1=NC2=C(N1)C=C(C=C2)S(=O)C3=CC=CC=C3
Nitazoxanide,CC(=O)OC1=CC=CC=C1C(=O)NC2=NC=C(S2)[N+](=O)[O-]
Secnidazole,CC1=NC=C(N1CC(C)O)[N+](=O)[O-]
Propylthiouracil,CCCC1=CC(=O)NC(=S)N1
Famciclovir,CC(=O)OCC(CCN1C=NC2=CN=C(N=C21)N)COC(=O)C
Benserazide,C1=CC(=C(C(=C1CNNC(=O)C(CO)N)O)O)O
Methyldopa,CC(CC1=CC(=C(C=C1)O)O)(C(=O)O)N
Amisulpride,CCN1CCCC1CNC(=O)C2=CC(=C(C=C2OC)N)S(=O)(=O)CC
Clozapine,CN1CCN(CC1)C2=NC3=C(C=CC(=C3)Cl)NC4=CC=CC=C42
Levodopa,C1=CC(=C(C=C1CC(C(=O)O)N)O)O
Amantadine hydrochloride,C1C2CC3CC1CC(C2)(C3)N.Cl
Domperidone,C1CN(CCC1N2C3=C(C=C(C=C3)Cl)NC2=O)CCCN4C5=CC=CC=C5NC4=O
Bupropion hydrochloride,CC(C(=O)C1=CC(=CC=C1)Cl)NC(C)(C)C.Cl
Salbutamol sulfate,CC(C)(C)NCC(C1=CC(=C(C=C1)O)CO)O
Isoprenaline hydrochloride,CC(C)NCC(C1=CC(=C(C=C1)O)O)O.Cl
Lubiprostone,CCCCC(C1(CCC2C(O1)CC(=O)C2CCCCCCC(=O)O)O)(F)F
Rivaroxaban,C1COCC(=O)N1C2=CC=C(C=C2)N3CC(OC3=O)CNC(=O)C4=CC=C(S4)Cl
Apixaban,COC1=CC=C(C=C1)N2C3=C(CCN(C3=O)C4=CC=C(C=C4)N5CCCCC5=O)C(=N2)C(=O)N
PCI-27483,C1=CC2=C(C=C1C(=N)N)NC(=N2)C3=CC(=CC(=C3O)C4=C(C=CC(=C4)S(=O)(=O)N)O)CC(=O)NC(CC(=O)O)C(=O)O
Balicatib,CCCN1CCN(CC1)C2=CC=C(C=C2)C(=O)NC3(CCCCC3)C(=O)NCC#N
ADL-5859,CCN(CC)C(=O)C1=CC=C(C=C1)C2=CC3(CCNCC3)OC4=CC=CC(=C42)O
Ambrisentan,CC1=CC(=NC(=N1)OC(C(=O)O)C(C2=CC=CC=C2)(C3=CC=CC=C3)OC)C
Sitaxentan,CC1=CC2=C(C=C1CC(=O)C3=C(C=CS3)S(=O)(=O)NC4=C(C(=NO4)C)Cl)OCO2
Macitentan,CCCNS(=O)(=O)NC1=C(C(=NC=N1)OCCOC2=NC=C(C=N2)Br)C3=CC=C(C=C3)Br
GLPG-0974,CC1(CCN1C(=O)C2=CSC3=CC=CC=C32)C(=O)N(CCCC(=O)O)CC4=CC(=CC=C4)Cl
Flumazenil,CCOC(=O)C1=C2CN(C(=O)C3=C(N2C=N1)C=CC(=C3)F)C
Felbamate,C1=CC=C(C=C1)C(COC(=O)N)COC(=O)N
TD-139,C1=CC(=CC(=C1)F)C2=CN(N=N2)C3C(C(OC(C3O)SC4C(C(C(C(O4)CO)O)N5C=C(N=N5)C6=CC(=CC=C6)F)O)CO)O
Adomeglivant,CC1=CC(=CC(=C1C2=CC=C(C=C2)C(C)(C)C)C)OC(CCC(F)(F)F)C3=CC=C(C=C3)C(=O)NCCC(=O)O
Lansoprazole,CC1=C(C=CN=C1CS(=O)C2=NC3=CC=CC=C3N2)OCC(F)(F)F
Esomeprazole Sodium,CC1=CN=C(C(=C1OC)C)CS(=O)C2=NC3=C(N2)C=C(C=C3)OC
Telaprevir (VX-950),CCCC(C(=O)C(=O)NC1CC1)NC(=O)C2C3CCCC3CN2C(=O)C(C(C)(C)C)NC(=O)C(C4CCCCC4)NC(=O)C5=NC=CN=C5
Daclatasvir dihydrochloride,CC(C)C(C(=O)N1CCCC1C2=NC=C(N2)C3=CC=C(C=C3)C4=CC=C(C=C4)C5=CN=C(N5)C6CCCN6C(=O)C(C(C)C)NC(=O)OC)NC(=O)OC.Cl.Cl
Danoprevir,CC(C)(C)OC(=O)NC1CCCCCC=CC2CC2(NC(=O)C3CC(CN3C1=O)OC(=O)N4CC5=C(C4)C(=CC=C5)F)C(=O)NS(=O)(=O)C6CC6
Cyproheptadine hydrochloride,CN1CCC(=C2C3=CC=CC=C3C=CC4=CC=CC=C42)CC1.Cl
Diphenhydramine hydrochloride,CN(C)CCOC(C1=CC=CC=C1)C2=CC=CC=C2.Cl
Nelfinavir,CC1=C(C=CC=C1O)C(=O)NC(CSC2=CC=CC=C2)C(CN3CC4CCCCC4CC3C(=O)NC(C)(C)C)O.CS(=O)(=O)O
Elvitegravir,CC(C)C(CO)N1C=C(C(=O)C2=C1C=C(C(=C2)CC3=C(C(=CC=C3)Cl)F)OC)C(=O)O
Rilmenidine,C1CC1C(C2CC2)NC3=NCCO3
Cyclosporine A,CCC1C(=O)N(CC(=O)N(C(C(=O)NC(C(=O)N(C(C(=O)NC(C(=O)NC(C(=O)N(C(C(=O)N(C(C(=O)N(C(C(=O)N(C(C(=O)N1)C(C(C)CC=CC)O)C)C(C)C)C)CC(C)C)C)CC(C)C)C)C)C)CC(C)C)C)C(C)C)CC(C)C)C)C
Repaglinide,CCOC1=C(C=CC(=C1)CC(=O)NC(CC(C)C)C2=CC=CC=C2N3CCCCC3)C(=O)O
Nateglinide,CC(C)C1CCC(CC1)C(=O)NC(CC2=CC=CC=C2)C(=O)O
TAK-875,CC1=CC(=CC(=C1C2=CC=CC(=C2)COC3=CC4=C(C=C3)C(CO4)CC(=O)O)C)OCCCS(=O)(=O)C
RUC-4,C1CN(CCN1)C2=CC(=O)N3C(=N2)SC(=N3)C4=CC(=CN=C4)NC(=O)CN
Cilengitide,CC(C)C1C(=O)NC(C(=O)NCC(=O)NC(C(=O)NC(C(=O)N1C)CC2=CC=CC=C2)CC(=O)O)CCCN=C(N)N
ATN-161,CC(=O)N1CCCC1C(=O)NC(CC2=CN=CN2)C(=O)NC(CO)C(=O)NC(CS)C(=O)NC(CC(=O)N)C(=O)N
PF-06650833,CCC1C(NC(=O)C1F)COC2=NC=CC3=CC(=C(C=C32)OC)C(=O)N
Minoxidil,C1CCN(CC1)C2=NC(=N)N(C(=C2)N)O
Levosimendan,CC1CC(=O)NN=C1C2=CC=C(C=C2)NN=C(C#N)C#N
Glipizide,CC1=CN=C(C=N1)C(=O)NCCC2=CC=C(C=C2)S(=O)(=O)NC(=O)NC3CCCCC3
Glimepiride,CCC1=C(CN(C1=O)C(=O)NCCC2=CC=C(C=C2)S(=O)(=O)NC(=O)NC3CCC(CC3)C)C
Gliclazide,CC1=CC=C(C=C1)S(=O)(=O)NC(=O)NN2CC3CCCC3C2
Ibutilide fumarate,CCCCCCCN(CC)CCCC(C1=CC=C(C=C1)NS(=O)(=O)C)O.CCCCCCCN(CC)CCCC(C1=CC=C(C=C1)NS(=O)(=O)C)O.C(=CC(=O)O)C(=O)O
Dofetilide,CN(CCC1=CC=C(C=C1)NS(=O)(=O)C)CCOC2=CC=C(C=C2)NS(=O)(=O)C
Retigabine,CCOC(=O)NC1=C(C=C(C=C1)NCC2=CC=C(C=C2)F)N
Telithromycin,CCC1C2(C(C(C(=O)C(CC(C(C(C(=O)C(C(=O)O1)C)C)OC3C(C(CC(O3)C)N(C)C)O)(C)OC)C)C)N(C(=O)O2)CCCCN4C=C(N=C4)C5=CN=CC=C5)C
Daptomycin,CCCCCCCCCC(=O)NC(CC1=CNC2=CC=CC=C21)C(=O)NC(CC(=O)N)C(=O)NC(CC(=O)O)C(=O)NC3C(OC(=O)C(NC(=O)C(NC(=O)C(NC(=O)CNC(=O)C(NC(=O)C(NC(=O)C(NC(=O)C(NC(=O)CNC3=O)CCCN)CC(=O)O)C)CC(=O)O)CO)C(C)CC(=O)O)CC(=O)C4=CC=CC=C4N)C
Bumetanide,CCCCNC1=C(C(=CC(=C1)C(=O)O)S(=O)(=O)N)OC2=CC=CC=C2
Pregabalin,CC(C)CC(CC(=O)O)CN
Diltiazem hydrochloride,CC(=O)OC1C(SC2=CC=CC=C2N(C1=O)CCN(C)C)C3=CC=C(C=C3)OC.Cl
BMS-986020,CC1=NOC(=C1NC(=O)OC(C)C2=CC=CC=C2)C3=CC=C(C=C3)C4=CC=C(C=C4)C5(CC5)C(=O)O
Amiselimod hydrochloride,CCCCCCCOC1=C(C=C(C=C1)CCC(CO)(CO)N)C(F)(F)F.Cl
BAF-312,CCC1=C(C=CC(=C1)C(=NOCC2=CC(=C(C=C2)C3CCCCC3)C(F)(F)F)C)CN4CC(C4)C(=O)O
Amphotericin B,CC1C=CC=CC=CC=CC=CC=CC=CC(CC2C(C(CC(O2)(CC(CC(C(CCC(CC(CC(=O)OC(C(C1O)C)C)O)O)O)O)O)O)O)C(=O)O)OC3C(C(C(C(O3)C)O)N)O
Selegiline hydrochloride,CC(CC1=CC=CC=C1)N(C)CC#C.Cl
Rasagiline mesylate,CS(=O)(=O)O.C#CCNC1CCC2=CC=CC=C12
Amlexanox,CC(C)C1=CC2=C(C=C1)OC3=NC(=C(C=C3C2=O)C(=O)O)N
LY-2140023,CSCCC(C(=O)NC1(CS(=O)(=O)C2C1C2C(=O)O)C(=O)O)N
Eplerenone,CC12CCC(=O)C=C1CC(C3C24C(O4)CC5(C3CCC56CCC(=O)O6)C)C(=O)OC
Racecadotril,CC(=O)SCC(CC1=CC=CC=C1)C(=O)NCC(=O)OCC2=CC=CC=C2
Oseltamivir phosphate,CCC(CC)OC1C=C(CC(C1NC(=O)C)N)C(=O)OCC.OP(=O)(O)O
Cisatracurium besylate,C[N+]1(CCC2=CC(=C(C=C2C1CC3=CC(=C(C=C3)OC)OC)OC)OC)CCC(=O)OCCCCCOC(=O)CC[N+]4(CCC5=CC(=C(C=C5C4CC6=CC(=C(C=C6)OC)OC)OC)OC)C.C1=CC=C(C=C1)S(=O)(=O)[O-].C1=CC=C(C=C1)S(=O)(=O)[O-]
Dopamine hydrochloride,C1=CC(=C(C=C1CCN)O)O.Cl
AZD9668,CC1=C(C=C(C(=O)N1C2=CC=CC(=C2)C(F)(F)F)C(=O)NCC3=NC=C(C=C3)S(=O)(=O)C)C4=CC=NN4C
Fluphenazine hydrochloride,C1CN(CCN1CCCN2C3=CC=CC=C3SC4=C2C=C(C=C4)C(F)(F)F)CCO.Cl.Cl
L-tetramisol,C1CSC2=NC(CN21)C3=CC=CC=C3.Cl
Memantine hydrochloride,CC12CC3CC(C1)(CC(C3)(C2)N)C.Cl
Lacosamide,CC(=O)NC(COC)C(=O)NCC1=CC=CC=C1
D-Cycloserine,C1C(C(=O)NO1)N
ACAMPROSATE CALCIUM,CC(=O)NCCCS(=O)(=O)[O-].CC(=O)NCCCS(=O)(=O)[O-].[Ca+2]
Cebranopadol,CN(C)C1(CCC2(CC1)C3=C(CCO2)C4=C(N3)C=CC(=C4)F)C5=CC=CC=C5
Ketoprofen,CC(C1=CC(=CC=C1)C(=O)C2=CC=CC=C2)C(=O)O
Flurbiprofen,CC(C1=CC(=C(C=C1)C2=CC=CC=C2)F)C(=O)O
Lornoxicam,CN1C(=C(C2=C(S1(=O)=O)C=C(S2)Cl)O)C(=O)NC3=CC=CC=N3
Reserpine,COC1C(CC2CN3CCC4=C(C3CC2C1C(=O)OC)NC5=C4C=CC(=C5)OC)OC(=O)C6=CC(=C(C(=C6)OC)OC)OC
Trioxsalen,CC1=CC(=O)OC2=C1C=C3C=C(OC3=C2C)C
Fomepizole,CC1=CNN=C1
Disulfiram,CCN(CC)C(=S)SSC(=S)N(CC)CC
Tranexamic Acid,C1CC(CCC1CN)C(=O)O
Aminocaproic acid,C(CCC(=O)O)CCN
Propafenone hydrochloride,CCCNCC(COC1=CC=CC=C1C(=O)CCC2=CC=CC=C2)O.Cl
Pentamidine isethionate,C1=CC(=CC=C1C(=N)N)OCCCCCOC2=CC=C(C=C2)C(=N)N.C(CS(=O)(=O)O)O.C(CS(=O)(=O)O)O
Lomefloxacin hydrochloride,CCN1C=C(C(=O)C2=CC(=C(C(=C21)F)N3CCNC(C3)C)F)C(=O)O.Cl
Efaproxiral,CC1=CC(=CC(=C1)NC(=O)CC2=CC=C(C=C2)OC(C)(C)C(=O)O)C
Aliskiren hemifumarate,CC(C)C(CC1=CC(=C(C=C1)OC)OCCCOC)CC(C(CC(C(C)C)C(=O)NCC(C)(C)C(=O)N)O)N.CC(C)C(CC1=CC(=C(C=C1)OC)OCCCOC)CC(C(CC(C(C)C)C(=O)NCC(C)(C)C(=O)N)O)N.C(=CC(=O)O)C(=O)O
Lamivudine,C1C(OC(S1)CO)N2C=CC(=NC2=O)N
Lurbinectedin,CC1=CC2=C(C3C4C5C6=C(C(=C7C(=C6C(N4C(C(C2)N3C)O)COC(=O)C8(CS5)C9=C(CCN8)C2=C(N9)C=CC(=C2)OC)OCO7)C)OC(=O)C)C(=C1OC)O
Favipiravir,C1=C(N=C(C(=O)N1)C(=O)N)F
Sofosbuvir,CC(C)OC(=O)C(C)NP(=O)(OCC1C(C(C(O1)N2C=CC(=O)NC2=O)(C)F)O)OC3=CC=CC=C3
Nesbuvir,CNC(=O)C1=C(OC2=CC(=C(C=C21)C3CC3)N(CCO)S(=O)(=O)C)C4=CC=C(C=C4)F
Clomipramine hydrochloride,CN(C)CCCN1C2=CC=CC=C2CCC3=C1C=C(C=C3)Cl.Cl
Lamotrigine,C1=CC(=C(C(=C1)Cl)Cl)C2=C(N=C(N=N2)N)N
Flecainide acetate,CC(=O)O.C1CCNC(C1)CNC(=O)C2=C(C=CC(=C2)OCC(F)(F)F)OCC(F)(F)F
Dabigatran,CN1C2=C(C=C(C=C2)C(=O)N(CCC(=O)O)C3=CC=CC=N3)N=C1CNC4=CC=C(C=C4)C(=N)N
E5555,CCOC1=C(C(=C2C(=C1)CN(C2=N)CC(=O)C3=CC(=C(C(=C3)N4CCOCC4)OC)C(C)(C)C)F)OCC
Eltrombopag olamine,CC1=C(C=C(C=C1)N2C(=O)C(=C(N2)C)N=NC3=CC=CC(=C3O)C4=CC(=CC=C4)C(=O)O)C.C(CO)N.C(CO)N
Taltirelin,CN1C(=O)CC(NC1=O)C(=O)NC(CC2=CN=CN2)C(=O)N3CCCC3C(=O)N
Monobenzone,C1=CC=C(C=C1)COC2=CC=C(C=C2)O
Ibandronate sodium hydrate,CCCCCN(C)CCC(O)(P(=O)(O)O)P(=O)(O)[O-].O.[Na+]
Conivaptan hydrochloride,CC1=NC2=C(N1)CCN(C3=CC=CC=C32)C(=O)C4=CC=C(C=C4)NC(=O)C5=CC=CC=C5C6=CC=CC=C6.Cl
Tolvaptan,CC1=CC=CC=C1C(=O)NC2=CC(=C(C=C2)C(=O)N3CCCC(C4=C3C=CC(=C4)Cl)O)C
Ethosuximide,CCC1(CC(=O)NC1=O)C
Marizomib / Salinosporamide A,CC12C(C(=O)NC1(C(=O)O2)C(C3CCCC=C3)O)CCCl
Chloro-IB-MECA,CNC(=O)C1C(C(C(O1)N2C=NC3=C(N=C(N=C32)Cl)NCC4=CC(=CC=C4)I)O)O
Prochlorperazine dimaleate,CN1CCN(CC1)CCCN2C3=CC=CC=C3SC4=C2C=C(C=C4)Cl
9-cis-Retinoic acid,CC1=C(C(CCC1)(C)C)C=CC(=CC=CC(=CC(=O)O)C)C
Amodiaquin dihydrochloride dihydrate,CCN(CC)CC1=C(C=CC(=C1)NC2=C3C=CC(=CC3=NC=C2)Cl)O.O.O.Cl.Cl
ARRY-520,CN(C(=O)N1C(SC(=N1)C2=C(C=CC(=C2)F)F)(CCCN)C3=CC=CC=C3)OC
XL-647,CN1CC2CC(CC2C1)COC3=C(C=C4C(=C3)N=CN=C4NC5=C(C(=C(C=C5)Cl)Cl)F)OC
Loratadine,CCOC(=O)N1CCC(=C2C3=C(CCC4=C2N=CC=C4)C=C(C=C3)Cl)CC1
Clemastine fumarate,CC(C1=CC=CC=C1)(C2=CC=C(C=C2)Cl)OCCC3CCCN3C.C(=CC(=O)O)C(=O)O
Mizolastine,CN(C1CCN(CC1)C2=NC3=CC=CC=C3N2CC4=CC=C(C=C4)F)C5=NC=CC(=O)N5
Azelastine hydrochloride,CN1CCCC(CC1)N2C(=O)C3=CC=CC=C3C(=N2)CC4=CC=C(C=C4)Cl.Cl
Lafutidine,C1CCN(CC1)CC2=CC(=NC=C2)OCC=CCNC(=O)CS(=O)CC3=CC=CO3
Famotidine,C1=C(N=C(S1)N=C(N)N)CSCCC(=NS(=O)(=O)N)N
Testosterone,CC12CCC3C(C1CCC2O)CCC4=CC(=O)CCC34C
Testosterone propionate,CCC(=O)OC1CCC2C1(CCC3C2CCC4=CC(=O)CCC34C)C
Eprosartan mesylate,CCCCC1=NC=C(N1CC2=CC=C(C=C2)C(=O)O)C=C(CC3=CC=CS3)C(=O)O.CS(=O)(=O)O
Esomeprazole magnesium,CC1=CN=C(C(=C1OC)C)CS(=O)C2=NC3=C([N-]2)C=CC(=C3)OC.CC1=CN=C(C(=C1OC)C)CS(=O)C2=NC3=C([N-]2)C=CC(=C3)OC.[Mg+2]
RABEPRAZOLE SODIUM,CC1=C(C=CN=C1CS(=O)C2=NC3=CC=CC=C3[N-]2)OCCCOC.[Na+]
Oxcarbazepine,C1C2=CC=CC=C2N(C3=CC=CC=C3C1=O)C(=O)N
Safinamide mesilate,CC(C(=O)N)NCC1=CC=C(C=C1)OCC2=CC(=CC=C2)F.CS(=O)(=O)O
Isradipine,CC1=C(C(C(=C(N1)C)C(=O)OC(C)C)C2=CC=CC3=NON=C32)C(=O)OC
Sumatriptan succinate,CNS(=O)(=O)CC1=CC2=C(C=C1)NC=C2CCN(C)C.C(CC(=O)O)C(=O)O
Naratriptan hydrochloride,CNS(=O)(=O)CCC1=CC2=C(C=C1)NC=C2C3CCN(CC3)C.Cl
Rizatriptan benzoate,CN(C)CCC1=CNC2=C1C=C(C=C2)CN3C=NC=N3.C1=CC=C(C=C1)C(=O)O
Zolmitriptan,CN(C)CCC1=CNC2=C1C=C(C=C2)CC3COC(=O)N3
Citalopram hydrobromide,CN(C)CCCC1(C2=C(CO1)C=C(C=C2)C#N)C3=CC=C(C=C3)F.Br
Venlafaxine hydrochloride,CN(C)CC(C1=CC=C(C=C1)OC)C2(CCCCC2)O.Cl
Ondansetron,CC1=NC=CN1CC2CCC3=C(C2=O)C4=CC=CC=C4N3C
Tropisetron,CN1C2CCC1CC(C2)OC(=O)C3=CNC4=CC=CC=C43
Amoxapine,C1CN(CCN1)C2=NC3=CC=CC=C3OC4=C2C=C(C=C4)Cl
Nepafenac,C1=CC=C(C=C1)C(=O)C2=CC=CC(=C2N)CC(=O)N
Etodolac,CCC1=C2C(=CC=C1)C3=C(N2)C(OCC3)(CC)CC(=O)O
Acemetacin,CC1=C(C2=C(N1C(=O)C3=CC=C(C=C3)Cl)C=CC(=C2)OC)CC(=O)OCC(=O)O
Zalcitabine,C1CC(OC1CO)N2C=CC(=NC2=O)N
Stavudine,CC1=CN(C(=O)NC1=O)C2C=CC(O2)CO
Emtricitabine,C1C(OC(S1)CO)N2C=C(C(=NC2=O)N)F
Clevudine,CC1=CN(C(=O)NC1=O)C2C(C(C(O2)CO)O)F
"2',3'-Dideoxyinosine",C1CC(OC1CO)N2C=NC3=C2N=CNC3=O
Nevirapine,CC1=C2C(=NC=C1)N(C3=C(C=CC=N3)C(=O)N2)C4CC4
Zidovudine,CC1=CN(C(=O)NC1=O)C2CC(C(O2)CO)N=[N+]=[N-]
Pimecrolimus,CCC1C=C(CC(CC(C2C(CC(C(O2)(C(=O)C(=O)N3CCCCC3C(=O)OC(C(C(CC1=O)O)C)C(=CC4CCC(C(C4)OC)Cl)C)O)C)OC)OC)C)C
Clarithromycin,CCC1C(C(C(C(=O)C(CC(C(C(C(C(C(=O)O1)C)OC2CC(C(C(O2)C)O)(C)OC)C)OC3C(C(CC(O3)C)N(C)C)O)(C)OC)C)C)O)(C)O
Streptomycin sulfate,CC1C(C(C(O1)OC2C(C(C(C(C2O)O)N=C(N)N)O)N=C(N)N)OC3C(C(C(C(O3)CO)O)O)NC)(C=O)O.CC1C(C(C(O1)OC2C(C(C(C(C2O)O)N=C(N)N)O)N=C(N)N)OC3C(C(C(C(O3)CO)O)O)NC)(C=O)O.OS(=O)(=O)O.OS(=O)(=O)O.OS(=O)(=O)O
Meropenem,CC1C2C(C(=O)N2C(=C1SC3CC(NC3)C(=O)N(C)C)C(=O)O)C(C)O
Tebipenem pivoxil,CC1C2C(C(=O)N2C(=C1SC3CN(C3)C4=NCCS4)C(=O)OCOC(=O)C(C)(C)C)C(C)O
Chloramphenicol palmitate,CCCCCCCCCCCCCCCC(=O)OCC(C(C1=CC=C(C=C1)[N+](=O)[O-])O)NC(=O)C(Cl)Cl
Sulfapyridine,C1=CC=NC(=C1)NS(=O)(=O)C2=CC=C(C=C2)N
Sulfameter,COC1=CN=C(N=C1)NS(=O)(=O)C2=CC=C(C=C2)N
Sulfaphenazole,C1=CC=C(C=C1)N2C(=CC=N2)NS(=O)(=O)C3=CC=C(C=C3)N
Sulfafurazole,CC1=C(ON=C1C)NS(=O)(=O)C2=CC=C(C=C2)N
Sulfamethoxazole,CC1=CC(=NO1)NS(=O)(=O)C2=CC=C(C=C2)N
Sulphadimethoxine,COC1=NC(=NC(=C1)NS(=O)(=O)C2=CC=C(C=C2)N)OC
Nitrofurazone,C1=C(OC(=C1)[N+](=O)[O-])C=NNC(=O)N
Chloramphenicol,C1=CC(=CC=C1C(C(CO)NC(=O)C(Cl)Cl)O)[N+](=O)[O-]
Silver sulfadiazine,C1=CN=C(N=C1)[N-]S(=O)(=O)C2=CC=C(C=C2)N.[Ag+]
Metronidazole,CC1=NC=C(N1CCO)[N+](=O)[O-]
Aztreonam,CC1C(C(=O)N1S(=O)(=O)O)NC(=O)C(=NOC(C)(C)C(=O)O)C2=CSC(=N2)N
Enoxacin,CCN1C=C(C(=O)C2=CC(=C(N=C21)N3CCNCC3)F)C(=O)O
Nalidixic acid,CCN1C=C(C(=O)C2=C1N=C(C=C2)C)C(=O)O
Cephradine,CC1=C(N2C(C(C2=O)NC(=O)C(C3=CCC=CC3)N)SC1)C(=O)O
Cefdinir,C=CC1=C(N2C(C(C2=O)NC(=O)C(=NO)C3=CSC(=N3)N)SC1)C(=O)O
Cefoperazone sodium,CCN1CCN(C(=O)C1=O)C(=O)NC(C2=CC=C(C=C2)O)C(=O)NC3C4N(C3=O)C(=C(CS4)CSC5=NN=NN5C)C(=O)[O-].[Na+]
Cefditoren pivoxil,CC1=C(SC=N1)C=CC2=C(N3C(C(C3=O)NC(=O)C(=NOC)C4=CSC(=N4)N)SC2)C(=O)OCOC(=O)C(C)(C)C
Cefprozil monohydrate,CC=CC1=C(N2C(C(C2=O)NC(=O)C(C3=CC=C(C=C3)O)N)SC1)C(=O)O.O
Indiplon,CC(=O)N(C)C1=CC=CC(=C1)C2=CC=NC3=C(C=NN23)C(=O)C4=CC=CS4
Eszopiclone,CN1CCN(CC1)C(=O)OC2C3=NC=CN=C3C(=O)N2C4=NC=C(C=C4)Cl
Arbutin,C1=CC(=CC=C1O)OC2C(C(C(C(O2)CO)O)O)O
Indinavir sulfate,CC(C)(C)NC(=O)C1CN(CCN1CC(CC(CC2=CC=CC=C2)C(=O)NC3C(CC4=CC=CC=C34)O)O)CC5=CN=CC=C5.OS(=O)(=O)O
Ritonavir,CC(C)C1=NC(=CS1)CN(C)C(=O)NC(C(C)C)C(=O)NC(CC2=CC=CC=C2)CC(C(CC3=CC=CC=C3)NC(=O)OCC4=CN=CS4)O
Lopinavir,CC1=C(C(=CC=C1)C)OCC(=O)NC(CC2=CC=CC=C2)C(CC(CC3=CC=CC=C3)NC(=O)C(C(C)C)N4CCCNC4=O)O
Atazanavir sulfate,CC(C)(C)C(C(=O)NC(CC1=CC=CC=C1)C(CN(CC2=CC=C(C=C2)C3=CC=CC=N3)NC(=O)C(C(C)(C)C)NC(=O)OC)O)NC(=O)OC.OS(=O)(=O)O
Darunavir,CC(C)CN(CC(C(CC1=CC=CC=C1)NC(=O)OC2COC3C2CCO3)O)S(=O)(=O)C4=CC=C(C=C4)N
Amprenavir,CC(C)CN(CC(C(CC1=CC=CC=C1)NC(=O)OC2CCOC2)O)S(=O)(=O)C3=CC=C(C=C3)N
Viracept,CC1=C(C=CC=C1O)C(=O)NC(CSC2=CC=CC=C2)C(CN3CC4CCCCC4CC3C(=O)NC(C)(C)C)O.CS(=O)(=O)O
BMS-707035,CN1C(=O)C(=C(N=C1N2CCCCS2(=O)=O)C(=O)NCC3=CC=C(C=C3)F)O
Terbinafine hydrochloride,CC(C)(C)C#CC=CCN(C)CC1=CC=CC2=CC=CC=C21.Cl
Liranaftate,CN(C1=NC(=CC=C1)OC)C(=S)OC2=CC3=C(CCCC3)C=C2
Furosemide,C1=COC(=C1)CNC2=CC(=C(C=C2C(=O)O)S(=O)(=O)N)Cl
Torasemide,CC1=CC(=CC=C1)NC2=C(C=NC=C2)S(=O)(=O)NC(=O)NC(C)C
Betaxolol,CC(C)NCC(COC1=CC=C(C=C1)CCOCC2CC2)O.Cl
Carvedilol,COC1=CC=CC=C1OCCNCC(COC2=CC=CC3=C2C4=CC=CC=C4N3)O
Doxazosin mesylate,COC1=C(C=C2C(=C1)C(=NC(=N2)N3CCN(CC3)C(=O)C4COC5=CC=CC=C5O4)N)OC.CS(=O)(=O)O
Alfuzosin hydrochloride,CN(CCCNC(=O)C1CCCO1)C2=NC3=CC(=C(C=C3C(=N2)N)OC)OC.Cl
Tamsulosin hydrochloride,CCOC1=CC=CC=C1OCCNC(C)CC2=CC(=C(C=C2)OC)S(=O)(=O)N.Cl
Silodosin,CC(CC1=CC2=C(C(=C1)C(=O)N)N(CC2)CCCO)NCCOC3=CC=CC=C3OCC(F)(F)F
Trazodone hydrochloride,C1CN(CCN1CCCN2C(=O)N3C=CC=CC3=N2)C4=CC(=CC=C4)Cl.Cl
Clonidine,C1CN=C(N1)NC2=C(C=CC=C2Cl)Cl
17-Methyltestosterone,CC12CCC(=O)C=C1CCC3C2CCC4(C3CCC4(C)O)C
Trospium chloride,C1CC[N+]2(C1)C3CCC2CC(C3)OC(=O)C(C4=CC=CC=C4)(C5=CC=CC=C5)O.[Cl-]
Oxybutynin chloride,CCN(CC)CC#CCOC(=O)C(C1CCCCC1)(C2=CC=CC=C2)O.Cl
Orphenadrine hydrochloride,CC1=CC=CC=C1C(C2=CC=CC=C2)OCCN(C)C.Cl
Fesoterodine fumarate,CC(C)C(=O)OC1=C(C=C(C=C1)CO)C(CCN(C(C)C)C(C)C)C2=CC=CC=C2.C(=CC(=O)O)C(=O)O
AP-761,CN(C)C1=C(C(=NC(=N1)CC2=CC=C(C=C2)NC(=O)C3=CC=C(C=C3)C(F)(F)F)N(C)C)CC(=O)O
Travoprost,CC(C)OC(=O)CCCC=CCC1C(CC(C1C=CC(COC2=CC=CC(=C2)C(F)(F)F)O)O)O
Methocarbamol,COC1=CC=CC=C1OCC(COC(=O)N)O
Ziprasidone hydrochloride,C1CN(CCN1CCC2=C(C=C3C(=C2)CC(=O)N3)Cl)C4=NSC5=CC=CC=C54.O.Cl
Telotristat etiprate,CCOC(=O)C(CC1=CC=C(C=C1)C2=CC(=NC(=N2)N)OC(C3=C(C=C(C=C3)Cl)N4C=CC(=N4)C)C(F)(F)F)N.C1=CC=C(C=C1)C(=O)NCC(=O)O
Iloperidone,CC(=O)C1=CC(=C(C=C1)OCCCN2CCC(CC2)C3=NOC4=C3C=CC(=C4)F)OC
Risperidone???,CC1=C(C(=O)N2CCCCC2=N1)CCN3CCC(CC3)C4=NOC5=C4C=CC(=C5)F
Haloperidol,C1CN(CCC1(C2=CC=C(C=C2)Cl)O)CCCC(=O)C3=CC=C(C=C3)F
Levosulpiride,CCN1CCCC1CNC(=O)C2=C(C=CC(=C2)S(=O)(=O)N)OC
Olanzapine,CC1=CC2=C(S1)NC3=CC=CC=C3N=C2N4CCN(CC4)C
Duloxetine hydrochloride,CNCCC(C1=CC=CS1)OC2=CC=CC3=CC=CC=C32.Cl
Galantamine hydrobromide,CN1CCC23C=CC(CC2OC4=C(C=CC(=C34)C1)OC)O.Br
Zanamivir,CC(=O)NC1C(C=C(OC1C(C(CO)O)O)C(=O)O)N=C(N)N
AVN-944,CCC(CC#N)OC(=O)NC(C)C1=CC(=CC=C1)NC(=O)NC2=CC(=C(C=C2)C3=CN=CO3)OC
Danusertib (PHA-739358),CN1CCN(CC1)C2=CC=C(C=C2)C(=O)NC3=NNC4=C3CN(C4)C(=O)C(C5=CC=CC=C5)OC
Fluspirilene,C1CN(CCC12C(=O)NCN2C3=CC=CC=C3)CCCC(C4=CC=C(C=C4)F)C5=CC=C(C=C5)F
Zonisamide,C1=CC=C2C(=C1)C(=NO2)CS(=O)(=O)N
Azelnidipine,CC1=C(C(C(=C(N1)N)C(=O)OC2CN(C2)C(C3=CC=CC=C3)C4=CC=CC=C4)C5=CC(=CC=C5)[N+](=O)[O-])C(=O)OC(C)C
Lacidipine,CCOC(=O)C1=C(NC(=C(C1C2=CC=CC=C2C=CC(=O)OC(C)(C)C)C(=O)OCC)C)C
Alfacalcidol,CC(C)CCCC(C)C1CCC2C1(CCCC2=CC=C3CC(CC(C3=C)O)O)C
Topiramate,CC1(OC2COC3(C(C2O1)OC(O3)(C)C)COS(=O)(=O)N)C
Halofantrine hydrochloride,CCCCN(CCCC)CCC(C1=C2C=CC(=CC2=C3C=C(C=C(C3=C1)Cl)Cl)C(F)(F)F)O.Cl
NITD609,CC1CC2=C(C3(N1)C4=C(C=CC(=C4)Cl)NC3=O)NC5=CC(=C(C=C25)F)Cl
Fosmidomycin,C(CN(C=O)O)CP(=O)(O)O
Miconazole,C1=CC(=C(C=C1Cl)Cl)COC(CN2C=CN=C2)C3=C(C=C(C=C3)Cl)Cl
Etonogestrel,CCC12CC(=C)C3C(C1CCC2(C#C)O)CCC4=CC(=O)CCC34
TRIMETHOPRIM,COC1=CC(=CC(=C1OC)OC)CC2=CN=C(N=C2N)N
Tavaborole / AN2690,B1(C2=C(CO1)C=C(C=C2)F)O
RIFAMPIN,CC1C=CC=C(C(=O)NC2=C(C(=C3C(=C2O)C(=C(C4=C3C(=O)C(O4)(OC=CC(C(C(C(C(C(C1O)C)O)C)OC(=O)C)C)OC)C)C)O)O)C=NN5CCN(CC5)C)C
TRICLOSAN,C1=CC(=C(C=C1Cl)O)OC2=C(C=C(C=C2)Cl)Cl
Mibefradil dihydrochloride,CC(C)C1C2=C(CCC1(CCN(C)CCCC3=NC4=CC=CC=C4N3)OC(=O)COC)C=C(C=C2)F.Cl.Cl
Hexylcaine hydrochloride,CC(CNC1CCCCC1)OC(=O)C2=CC=CC=C2.Cl
Methdilazine hydrochloride,CN1CCC(C1)CN2C3=CC=CC=C3SC4=CC=CC=C42.Cl
DESIPRAMINE HYDROCHLORIDE,CNCCCN1C2=CC=CC=C2CCC3=CC=CC=C31.Cl
Tocainide hydrochloride,CC1=C(C(=CC=C1)C)NC(=O)C(C)N.Cl
Dydrogesterone,CC(=O)C1CCC2C1(CCC3C2C=CC4=CC(=O)CCC34C)C
Buprenorphine hydrochloride,CC(C)(C)C(C)(C1CC23CCC1(C4C25CCN(C3CC6=C5C(=C(C=C6)O)O4)CC7CC7)OC)O.Cl
Naltrexone,C1CC1CN2CCC34C5C(=O)CCC3(C2CC6=C4C(=C(C=C6)O)O5)O
Saquinavir mesylate,CC(C)(C)NC(=O)C1CC2CCCCC2CN1CC(C(CC3=CC=CC=C3)NC(=O)C(CC(=O)N)NC(=O)C4=NC5=CC=CC=C5C=C4)O.CS(=O)(=O)O
cyclosporin A,CCC1C(=O)N(CC(=O)N(C(C(=O)NC(C(=O)N(C(C(=O)NC(C(=O)NC(C(=O)N(C(C(=O)N(C(C(=O)N(C(C(=O)N(C(C(=O)N1)C(C(C)CC=CC)O)C)C(C)C)C)CC(C)C)C)CC(C)C)C)C)C)CC(C)C)C)C(C)C)CC(C)C)C)C
Mitomycine,CC1=C(C(=O)C2=C(C1=O)N3CC4C(C3(C2COC(=O)N)OC)N4)N
ibrutinib,C=CC(=O)N1CCCC(C1)N2C3=NC=NC(=C3C(=N2)C4=CC=C(C=C4)OC5=CC=CC=C5)N
Thioguanine,C1=NC2=C(N1)C(=S)N=C(N2)N
Uracil mustard,C1=C(C(=O)NC(=O)N1)N(CCCl)CCCl
Dexrazoxane,CC(CN1CC(=O)NC(=O)C1)N2CC(=O)NC(=O)C2
Sunitinib (free base),CCN(CC)CCNC(=O)C1=C(NC(=C1C)C=C2C3=C(C=CC(=C3)F)NC2=O)C
Vorinostat,C1=CC=C(C=C1)NC(=O)CCCCCCC(=O)NO
Azacitidine,C1=NC(=NC(=O)N1C2C(C(C(O2)CO)O)O)N
Gemcitabine,C1=CN(C(=O)N=C1N)C2C(C(C(O2)CO)O)(F)F.Cl
Imatinib,CC1=C(C=C(C=C1)NC(=O)C2=CC=C(C=C2)CN3CCN(CC3)C)NC4=NC=CC(=N4)C5=CN=CC=C5.CS(=O)(=O)O
Tamoxifen citrate,CCC(=C(C1=CC=CC=C1)C2=CC=C(C=C2)OCCN(C)C)C3=CC=CC=C3.C(C(=O)O)C(CC(=O)O)(C(=O)O)O
Sorafenib,CC1=CC=C(C=C1)S(=O)(=O)O.CNC(=O)C1=NC=CC(=C1)OC2=CC=C(C=C2)NC(=O)NC3=CC(=C(C=C3)Cl)C(F)(F)F
bendamustine hydrochloride,CN1C2=C(C=C(C=C2)N(CCCl)CCCl)N=C1CCCC(=O)O.Cl
Aminolevulinic acid hydrochloride,C(CC(=O)O)C(=O)CN.Cl
Pipobroman,C1CN(CCN1C(=O)CCBr)C(=O)CCBr
Mitomycin,CC1=C(C(=O)C2=C(C1=O)N3CC4C(C3(C2COC(=O)N)OC)N4)N
Ifosfamide,C1CN(P(=O)(OC1)NCCCl)CCCl
Dactinomycin,CC1C(C(=O)NC(C(=O)N2CCCC2C(=O)N(CC(=O)N(C(C(=O)O1)C(C)C)C)C)C(C)C)NC(=O)C3=C4C(=C(C=C3)C)OC5=C(C(=O)C(=C(C5=N4)C(=O)NC6C(OC(=O)C(N(C(=O)CN(C(=O)C7CCCN7C(=O)C(NC6=O)C(C)C)C)C)C(C)C)C)N)C
Mechlorethamine hydrochloride,CN(CCCl)CCCl.Cl
PF562271,CN(C1=C(C=CC=N1)CNC2=NC(=NC=C2C(F)(F)F)NC3=CC4=C(C=C3)NC(=O)C4)S(=O)(=O)C
I-BET,CCNC(=O)CC1C2=NN=C(N2C3=C(C=C(C=C3)OC)C(=N1)C4=CC=C(C=C4)Cl)C
ABT-888,CC1(CCCN1)C2=NC3=C(C=CC=C3N2)C(=O)N
PD325901,C1=CC(=C(C=C1I)F)NC2=C(C=CC(=C2F)F)C(=O)NOCC(CO)O
AZD1775,CC(C)(C1=NC(=CC=C1)N2C3=NC(=NC=C3C(=O)N2CC=C)NC4=CC=C(C=C4)N5CCN(CC5)C)O
MK-4827,C1CC(CNC1)C2=CC=C(C=C2)N3C=C4C=CC=C(C4=N3)C(=O)N
MK-8669,CC1CCC2CC(C(=CC=CC=CC(CC(C(=O)C(C(C(=CC(C(=O)CC(OC(=O)C3CCCCN3C(=O)C(=O)C1(O2)O)C(C)CC4CCC(C(C4)OC)OP(=O)(C)C)C)C)O)OC)C)C)C)OC
Dinaciclib,CCC1=C2N=C(C=C(N2N=C1)NCC3=C[N+](=CC=C3)[O-])N4CCCCC4CCO
Sunitinib,CCN(CC)CCNC(=O)C1=C(NC(=C1C)C=C2C3=C(C=CC(=C3)F)NC2=O)C
Zolinza,C1=CC=C(C=C1)NC(=O)CCCCCCC(=O)NO
5-FU,C1=C(C(=O)NC(=O)N1)F
6-Thioguanine,C1=NC2=C(N1)C(=S)N=C(N2)N
Pemetrexed Disodium ,C1=CC(=CC=C1CCC2=CNC3=C2C(=O)NC(=N3)N)C(=O)NC(CCC(=O)[O-])C(=O)[O-].[Na+].[Na+]
Estramustine phosphate sodium,CC12CCC3C(C1CCC2OP(=O)([O-])[O-])CCC4=C3C=CC(=C4)OC(=O)N(CCCl)CCCl.[Na+].[Na+]
Erlotinib,COCCOC1=C(C=C2C(=C1)C(=NC=N2)NC3=CC=CC(=C3)C#C)OCCOC.Cl
Pazopanib,CC1=C(C=C(C=C1)NC2=NC=CC(=N2)N(C)C3=CC4=NN(C(=C4C=C3)C)C)S(=O)(=O)N.Cl
PYRIDOSTIGMINE BROMIDE,C[N+]1=CC=CC(=C1)OC(=O)N(C)C.[Br-]
PENTOLINIUM TARTRATE,C[N+]1(CCCC1)CCCCC[N+]2(CCCC2)C.C(C(C(=O)[O-])O)(C(=O)O)O.C(C(C(=O)[O-])O)(C(=O)O)O
ETHINYL ESTRADIOL,CC12CCC3C(C1CCC2(C#C)O)CCC4=C3C=CC(=C4)O
OLMESARTAN MEDOXOMIL,CCCC1=NC(=C(N1CC2=CC=C(C=C2)C3=CC=CC=C3C4=NNN=N4)C(=O)OCC5=C(OC(=O)O5)C)C(C)(C)O
RUFINAMIDE,C1=CC(=C(C(=C1)F)CN2C=C(N=N2)C(=O)N)F
ZALEPLON,CCN(C1=CC=CC(=C1)C2=CC=NC3=C(C=NN23)C#N)C(=O)C
TESTOLACTONE,CC12CCC3C(C1CCC(=O)O2)CCC4=CC(=O)C=CC34C
ACETOHEXAMIDE,CC(=O)C1=CC=C(C=C1)S(=O)(=O)NC(=O)NC2CCCCC2
CLOPIDOGREL,COC(=O)C(C1=CC=CC=C1Cl)N2CCC3=C(C2)C=CS3
CILASTATIN,CC1(CC1C(=O)NC(=CCCCCSCC(C(=O)O)N)C(=O)O)C
OXYPHENONIUM BROMIDE,CC[N+](C)(CC)CCOC(=O)C(C1CCCCC1)(C2=CC=CC=C2)O.[Br-]
PROBENECID,CCCN(CCC)S(=O)(=O)C1=CC=C(C=C1)C(=O)O
METYROSINE,CC(CC1=CC=C(C=C1)O)(C(=O)O)N
ALBENDAZOLE,CCCSC1=CC2=C(C=C1)N=C(N2)NC(=O)OC
VALPROIC ACID,CCCC(CCC)C(=O)O
ILOPROST,CC#CCC(C)C(C=CC1C(CC2C1CC(=CCCCC(=O)O)C2)O)O
TRIFLUPROMAZINE,CN(C)CCCN1C2=CC=CC=C2SC3=C1C=C(C=C3)C(F)(F)F
ENTACAPONE,CCN(CC)C(=O)C(=CC1=CC(=C(C(=C1)O)O)[N+](=O)[O-])C#N
ATENOLOL,CC(C)NCC(COC1=CC=C(C=C1)CC(=O)N)O
SPIRONOLACTONE,CC(=O)SC1CC2=CC(=O)CCC2(C3C1C4CCC5(C4(CC3)C)CCC(=O)O5)C
CISAPRIDE,COC1CN(CCC1NC(=O)C2=CC(=C(C=C2OC)N)Cl)CCCOC3=CC=C(C=C3)F
ARMODAFINIL,C1=CC=C(C=C1)C(C2=CC=CC=C2)S(=O)CC(=O)N
4-AMINOSALICYLIC ACID,C1=CC(=C(C=C1N)O)C(=O)O
TRIAMTERENE,C1=CC=C(C=C1)C2=NC3=C(N=C(N=C3N=C2N)N)N
RISPERIDONE,CC1=C(C(=O)N2CCCCC2=N1)CCN3CCC(CC3)C4=NOC5=C4C=CC(=C5)F
ACETAZOLAMIDE,CC(=O)NC1=NN=C(S1)S(=O)(=O)N
DESOXYCORTICOSTERONE PIVALATE,CC12CCC3C(C1CCC2C(=O)COC(=O)C(C)(C)C)CCC4=CC(=O)CCC34C
CARGLUMIC ACID,C(CC(=O)O)C(C(=O)O)NC(=O)N
METHYCLOTHIAZIDE,CN1C(NC2=CC(=C(C=C2S1(=O)=O)S(=O)(=O)N)Cl)CCl
PHENSUXIMIDE,CN1C(=O)CC(C1=O)C2=CC=CC=C2
BOSENTAN,CC(C)(C)C1=CC=C(C=C1)S(=O)(=O)NC2=C(C(=NC(=N2)C3=NC=CC=N3)OCCO)OC4=CC=CC=C4OC
VARENICLINE,C1C2CNCC1C3=CC4=NC=CN=C4C=C23
SUMATRIPTAN,CNS(=O)(=O)CC1=CC2=C(C=C1)NC=C2CCN(C)C
EPTIFIBATIDE,C1CC2C(=O)NC(CSSCCC(=O)NC(C(=O)NCC(=O)NC(C(=O)NC(C(=O)N2C1)CC3=CNC4=CC=CC=C43)CC(=O)O)CCCCN=C(N)N)C(=O)N
ISOSORBIDE DINITRATE,C1C(C2C(O1)C(CO2)O[N+](=O)[O-])O[N+](=O)[O-]
MESALAZINE,C1=CC(=C(C=C1N)C(=O)O)O
SUCCINYLCHOLINE CHLORIDE,C[N+](C)(C)CCOC(=O)CCC(=O)OCC[N+](C)(C)C.[Cl-].[Cl-]
CARBACHOL,C[N+](C)(C)CCOC(=O)N.[Cl-]
MEPHENYTOIN,CCC1(C(=O)N(C(=O)N1)C)C2=CC=CC=C2
TINIDAZOLE,CCS(=O)(=O)CCN1C(=NC=C1[N+](=O)[O-])C
LIOTHYRONINE,C1=CC(=C(C=C1OC2=C(C=C(C=C2I)CC(C(=O)O)N)I)I)O
FURAZOLIDONE,C1COC(=O)N1N=CC2=CC=C(O2)[N+](=O)[O-]
MIGLUSTAT,CCCCN1CC(C(C(C1CO)O)O)O
DICHLORPHENAMIDE,C1=C(C=C(C(=C1S(=O)(=O)N)Cl)Cl)S(=O)(=O)N
BACLOFEN,C1=CC(=CC=C1C(CC(=O)O)CN)Cl
THEOPHYLLINE,CN1C2=C(C(=O)N(C1=O)C)NC=N2
BRETYLIUM TOSYLATE,CC[N+](C)(C)CC1=CC=CC=C1Br.CC1=CC=C(C=C1)S(=O)(=O)[O-]
CANRENONE,CC12CCC(=O)C=C1C=CC3C2CCC4(C3CCC45CCC(=O)O5)C
ULIPRISTAL ACETATE,CC(=O)C1(CCC2C1(CC(C3=C4CCC(=O)C=C4CCC23)C5=CC=C(C=C5)N(C)C)C)OC(=O)C
ACETOHYDROXAMIC ACID,CC(=O)NO
DIAZOXIDE,CC1=NS(=O)(=O)C2=C(N1)C=CC(=C2)Cl
CHLORZOXAZONE,C1=CC2=C(C=C1Cl)NC(=O)O2
DIGITOXIN,CC1C(C(CC(O1)OC2C(OC(CC2O)OC3C(OC(CC3O)OC4CCC5(C(C4)CCC6C5CCC7(C6(CCC7C8=CC(=O)OC8)O)C)C)C)C)O)O
MELPHALAN HYDROCHLORIDE,C1=CC(=CC=C1CC(C(=O)O)N)N(CCCl)CCCl.Cl
